tropicalis sample-ids,before filtering,after filtering,reads passed filter,reads failed due to low quality,reads failed due to too many N,reads failed due to too short,reads with adapter trimmed ,bases trimmed due to adapters,
CS0044_1,"
total reads: 3543137
total bases: 531470550
Q20 bases: 518664969(97.5905%)
Q30 bases: 495253219(93.1854%)
","total reads: 3510903
total bases: 526438677
Q20 bases: 514170757(97.6696%)                  
Q30 bases: 491119901(93.291%)
",7021806,32078,30944,1446,14008,477966,
CS0044_2,"total reads: 3543137
total bases: 531470550
Q20 bases: 515046630(96.9097%)
Q30 bases: 485608178(91.3707%)
","total reads: 3510903
total bases: 526435767
Q20 bases: 511183481(97.1027%)
Q30 bases: 482243919(91.6055%)
",,,,,,,
CS0054_1,"total reads: 5393985
total bases: 809097750
Q20 bases: 791578755(97.8347%)
Q30 bases: 764336799(94.4678%)
","total reads: 5248766
total bases: 787084854
Q20 bases: 772910555(98.1991%)
Q30 bases: 749400945(95.2122%)
",10497532,286750,3688,0,26730,1050702,
CS0054_2,"total reads: 5393985
total bases: 809097750
Q20 bases: 762321732(94.2187%)
Q30 bases: 708517745(87.5689%)
","total reads: 5248766
total bases: 787084854
Q20 bases: 750983501(95.4133%)
Q30 bases: 702378839(89.238%)
",,,,,,,
CS0060_1,"total reads: 5153091
total bases: 772963650
Q20 bases: 762947564(98.7042%)
Q30 bases: 747027010(96.6445%)
","total reads: 5027147
total bases: 753560239
Q20 bases: 745756403(98.9644%)
Q30 bases: 732613112(97.2202%)
",10054294,247126,4762,0,58490,1816838,
CS0060_2,"total reads: 5153091
total bases: 772963650
Q20 bases: 736177438(95.2409%)
Q30 bases: 692195736(89.5509%)
","total reads: 5027147
total bases: 753560239
Q20 bases: 726361612(96.3906%)
Q30 bases: 686712784(91.1291%)
",,,,,,,
CS0074_1,"total reads: 8301465
total bases:1245219750
Q20 bases: 1219247377(97.9142%)
Q30 bases: 1178454156(94.6382%)
","total reads: 8078459
total bases: 1211398005
Q20 bases: 1190477774(98.2731%)
Q30 bases: 1155429145(95.3798%)
",16156918,440264,5748,0,41890,1881126,
CS0074_2,"total reads: 8301465
total bases:1245219750
Q20 bases: 1174550736(94.3248%)
Q30 bases: 1093491802(87.8152%)
","total reads: 8078459
total bases: 1211398005
Q20 bases: 1157135700(95.5207%)
Q30 bases: 1084042498(89.4869%)
",,,,,,,
CS0081_1,"total reads: 6307262
total bases: 946089300
Q20 bases: 926243473(97.9023%)
Q30 bases: 895113892(94.612%)
","total reads: 6140931
total bases: 920849929
Q20 bases: 904789416(98.2559%)
Q30 bases: 877942539(95.3405%)
",12281862,328426,4236,0,32436,1349402,
CS0081_2,"total reads: 6307262
total bases: 946089300
Q20 bases: 892949821(94.3832%)
Q30 bases: 831601527(87.8988%)
","total reads: 6140931
total bases: 920849929
Q20 bases: 879937579(95.5571%)
Q30 bases: 824533707(89.5405%)
",,,,,,,
"
CS0086_1
","total reads: 3638307
total bases: 545746050
Q20 bases: 532606453(97.5924%)
Q30 bases: 508543933(93.1833%)
","total reads: 3606192
total bases: 540716594
Q20 bases: 528158103(97.6774%)
Q30 bases: 504473063(93.2971%)
","7212384

","32238
"," 31562
",430,14804,574037,
CS0086_2,"total reads: 3638307
total bases: 545746050
Q20 bases: 527885645(96.7273%)
Q30 bases: 496550343(90.9856%)
","total reads: 3606192
total bases: 540716824
Q20 bases: 524092825(96.9256%)
Q30 bases: 493268295(91.2249%)
",,,,,,,
CS0101_1,"total reads: 4697616
total bases: 704642400
Q20 bases: 689858617(97.9019%)
Q30 bases: 666631359(94.6056%)
","total reads: 4571216
total bases: 685455787
Q20 bases: 673544164(98.2622%)
Q30 bases: 653582840(95.3501%)
",9142432,249550,3250,0,26142,1054754,
CS0101_2,"total reads: 4697616
total bases: 704642400
Q20 bases: 664354896(94.2826%)
Q30 bases: 617986704(87.7022%)
","total reads: 4571216
total bases: 685455787
Q20 bases: 654474336(95.4802%)
Q30 bases: 612636494(89.3765%)
",,,,,,,
CS0146_1,"total reads: 4032546
total bases: 604881900
Q20 bases: 590991905(97.7037%)
Q30 bases: 569669375(94.1786%)
","total reads: 3942150
total bases: 591186728
Q20 bases: 579508440(98.0246%)
Q30 bases: 560492318(94.808%)
",7884300,174092,6700,0,15444,593990,
CS0146_2,"total reads: 4032546
total bases: 604881900
Q20 bases: 575401240(95.1262%)
Q30 bases: 539468932(89.1858%)
","total reads: 3942150
total bases: 591186728
Q20 bases: 568246002(96.1195%)
Q30 bases: 535489319(90.5787%)
",,,,,,,
CS0195_1,"total reads: 5344444
total bases: 801666600
Q20 bases: 791564506(98.7399%)
Q30 bases: 775502752(96.7363%)
","total reads: 5226773
total bases: 783561484
Q20 bases: 775555328(98.9782%)
Q30 bases: 762107162(97.2619%)
",10453546,230300,5042,0,52106,1553290,
CS0195_2,"total reads: 5344444
total bases: 801666600
Q20 bases: 766517206(95.6155%)
Q30 bases: 723867399(90.2953%)
","total reads: 5226773
total bases: 783561484
Q20 bases: 757321446(96.6512%)
Q30 bases: 718685251(91.7203%)
",,,,,,,
CS0311_1,"total reads: 3832857
total bases: 574928550
Q20 bases: 559300270(97.2817%)
Q30 bases: 532001236(92.5335%)
","total reads: 3810469
total bases: 571372332
Q20 bases: 556465149(97.391%)
Q30 bases: 529580462(92.6857%)
",7620938,44096,262,418,14042,518870,
CS0311_2,"total reads: 3832857
total bases: 574928550
Q20 bases: 551911368(95.9965%)
Q30 bases: 514800501(89.5416%)
","total reads: 3810469
total bases: 571374213
Q20 bases: 549744361(96.2144%)
Q30 bases: 513140517(89.8081%)
",,,,,,,
CS0317_1,"total reads: 3236354
total bases: 485453100
Q20 bases: 477248157(98.3098%)
Q30 bases: 459633666(94.6814%)
","total reads: 3221231
total bases: 483032883
Q20 bases: 475249966(98.3887%)
Q30 bases: 457862717(94.7891%)
",6442462,29862,10,374,11588,441435,
CS0317_2,"total reads: 3236354
total bases: 485453100
Q20 bases: 470494290(96.9186%)
Q30 bases: 442206193(91.0914%)
","total reads: 3221231
total bases: 483038177
Q20 bases: 468979727(97.0896%)
Q30 bases: 441022639(91.3018%)
",,,,,,,
CS0367_1,"total reads: 5202384
total bases: 780357600
Q20 bases: 765465702(98.0917%)
Q30 bases: 741328602(94.9986%)
","total reads: 4990712
total bases: 748347863
Q20 bases: 737423183(98.5402%)
Q30 bases: 718485818(96.0096%)
",9981424,419442,3902,0,27284,1048200,
CS0367_2,"total reads: 5202384
total bases: 780357600
Q20 bases: 728604564(93.368%)
Q30 bases: 676077976(86.6369%)
","total reads: 4990712
total bases: 748347863
Q20 bases: 712592496(95.2221%)
Q30 bases: 667650375(89.2166%)
",,,,,,,
CS0424_1,"total reads: 3805955
total bases: 570893250
Q20 bases: 557661418(97.6823%)
Q30 bases: 533020952(93.3661%)
","total reads: 3773970
total bases: 565893631
Q20 bases: 553198974(97.7567%)
Q30 bases: 528913028(93.4651%)
",7547940,30582,32850,538,13958,497695,
CS0424_2,"total reads: 3805955
total bases: 570893250
Q20 bases: 553182255(96.8977%)
Q30 bases: 521516266(91.3509%)
","total reads: 3773970
total bases: 565893661
Q20 bases: 549357417(97.0779%)
Q30 bases: 518181448(91.5687%)
",,,,,,,
CS0426_1,"total reads: 7744305
total bases: 1161645750
Q20 bases: 1130570794(97.3249%)
Q30 bases: 1075981001(92.6256%)
","total reads: 7684499
total bases: 1152246230
Q20 bases: 1122725861(97.438%)
Q30 bases: 1069055965(92.7802%)
",15368998,90868,27754,990,30924,1119118,
CS0426_2,"total reads: 7744305
total bases: 1161645750
Q20 bases: 1119716773(96.3906%)
Q30 bases: 1049738356(90.3665%)
","total reads: 7684499
total bases: 1152251802
Q20 bases: 1113320738(96.6213%)
Q30 bases: 1044521753(90.6505%)
",,,,,,,
CS0470_1,"total reads: 4362776
total bases: 654416400
Q20 bases: 640431457(97.863%)
Q30 bases: 618526629(94.5158%)
","total reads: 4262458
total bases: 639179854
Q20 bases: 627568962(98.1835%)
Q30 bases: 608295235(95.1681%)
",8524916,195408,5228,0,22640,"
 825592",
CS0470_2,"total reads: 4362776
total bases: 654416400
Q20 bases: 620437149(94.8077%)
Q30 bases: 579628739(88.5719%)
","total reads: 4262458
total bases: 639179854
Q20 bases: 612465816(95.8206%)
Q30 bases: 575226365(89.9944%)
",,,,,,,
CS0709_1,"total reads: 4722316
total bases: 708347400
Q20 bases: 693002879(97.8338%)
Q30 bases: 669038140(94.4506%)
","total reads: 4607758
total bases: 690951191
Q20 bases: 678326247(98.1728%)
Q30 bases: 657364358(95.139%)
",9215516,223650,5466,0,24810,936848,
CS0709_2,"total reads: 4722316
total bases: 708347400
Q20 bases: 670557065(94.665%)
Q30 bases: 625597946(88.318%)
","total reads: 4607758
total bases: 690951191
Q20 bases: 661478985(95.7345%)
Q30 bases: 620604763(89.8189%)
",,,,,,,
CS0748_1,"total reads: 5053681
total bases: 758052150
Q20 bases: 741873895(97.8658%)
Q30 bases: 716531408(94.5227%)
","total reads: 4929723
total bases: 739211791
Q20 bases: 725929385(98.2032%)
Q30 bases: 703830026(95.2136%)
",9859446,241666,6250,0,28806,1161922,
CS0748_2,"total reads: 5053681
total bases: 758052150
Q20 bases: 717831419(94.6942%)
Q30 bases: 670115133(88.3996%)
","total reads: 4929723
total bases: 739211791
Q20 bases: 708015815(95.7798%)
Q30 bases: 664704980(89.9208%)
",,,,,,,
CS0789_1,"total reads: 4055557
total bases: 608333550
Q20 bases: 591443525(97.2236%)
Q30 bases: 562345700(92.4404%)
","total reads: 4030501
total bases: 604369699
Q20 bases: 588292292(97.3398%)
Q30 bases: 559649411(92.6005%)
",8061002,49322,294,496,14582,544779,
CS0789_2,"total reads: 4055557
total bases: 608333550
Q20 bases: 583332750(95.8903%)
Q30 bases: 543357626(89.319%)
","total reads: 4030501
total bases: 604374196
Q20 bases: 580917865(96.1189%)
Q30 bases: 541505588(89.5977%)
",,,,,,,
CS0791_1,"total reads: 4402715
total bases: 660407250
Q20 bases: 648276046(98.1631%)
Q30 bases: 628738727(95.2047%)
","total reads: 4330696
total bases: 649439303
Q20 bases: 638954160(98.3855%)
Q30 bases: 621236752(95.6574%)
",8661392,142454,1584,0,17284,700974,
CS0791_2,"total reads: 4402715
total bases: 660407250
Q20 bases: 634225446(96.0355%)
Q30 bases: 602700899(91.262%)
","total reads: 4330696
total bases: 649439303
Q20 bases: 628450912(96.7682%)
Q30 bases: 599457027(92.3038%)
",,,,,,,
CS0923_1,"total reads: 3629804
total bases: 544470600
Q20 bases: 534722352(98.2096%)
Q30 bases: 514239236(94.4476%)
","total reads: 3614059
total bases: 541936035
Q20 bases: 532665267(98.2893%)
Q30 bases: 512421766(94.5539%)
",7228118,"31234
"," 2
","254

",12684,458606,
CS0923_2,"total reads: 3629804
total bases: 544470600
Q20 bases: 529278378(97.2097%)
Q30 bases: 499895543(91.8131%)
","total reads: 3614059
total bases: 541943988
Q20 bases: 527674890(97.3671%)
Q30 bases: 498626884(92.0071%)
",,,,,,,
CS0943_1,"total reads: 5355022
total bases: 803253300
Q20 bases: 786447221(97.9077%)
Q30 bases: 759978197(94.6125%)
","total reads: 5235440
total bases: 785063082
Q20 bases: 771047593(98.2147%)
Q30 bases: 747685232(95.2389%)
",10470880,232716,6448,0,29232,1029072,
CS0943_2,"total reads: 5355022
total bases: 803253300
Q20 bases: 761950114(94.858%)
Q30 bases: 712074853(88.6489%)
","total reads: 5235440
total bases: 785063082
Q20 bases: 752394156(95.8387%)
Q30 bases: 706776058(90.0279%)
",,,,,,,
CS0948_1,"total reads: 7209142
total bases: 1081371300
Q20 bases: 1058140800(97.8518%)
Q30 bases: 1021836589(94.4945%)
","total reads: 7024200
total bases: 1053288182
Q20 bases: 1034340585(98.2011%)
Q30 bases: 1002865736(95.2129%)
",14048400,361360,8524,0,39692,1476228,
CS0948_2,"total reads: 7209142
total bases: 1081371300
Q20 bases: 1021721312(94.4839%)
Q30 bases: 951534871(87.9934%)
","total reads: 7024200
total bases: 1053288182
Q20 bases: 1007162893(95.6208%)
Q30 bases: 943593959(89.5855%)
",,,,,,,
CS1155_1,"total reads: 4108111
total bases: 616216650
Q20 bases: 598981164(97.203%)
Q30 bases: 569226492(92.3744%)
","total reads: 4086037
total bases: 612658134
Q20 bases: 596133403(97.3028%)
Q30 bases: 566779729(92.5116%)
",8172074,43282,268,598,"
18182",627168,
CS1155_2,"total reads: 4108111
total bases: 616216650
Q20 bases: 592932031(96.2214%)
Q30 bases: 554561743(89.9946%)
","total reads: 4086037
total bases: 612663927
Q20 bases: 590735433(96.4208%)
Q30 bases: 552859176(90.2386%)
",,,,,,,
CS1178_1,"total reads: 3849948
total bases: 577492200
Q20 bases: 564186642(97.696%)
Q30 bases: 539457068(93.4137%)
","total reads: 3815149
total bases: 572037400
Q20 bases: 559337158(97.7798%)
Q30 bases: 535004089(93.5261%)
",7630298,"35168
","33608
","822
"," 16000
",616217,
CS1178_2,"total reads: 3849948
total bases: 577492200
Q20 bases: 558486404(96.7089%)
Q30 bases: 525166447(90.9391%)
","total reads: 3815149
total bases: 572038628
Q20 bases: 554354939(96.9087%)
Q30 bases: 521593432(91.1815%)
",,,,,,,
CS1278_1,"total reads: 6119343
total bases: 917901450
Q20 bases: 898285068(97.8629%)
Q30 bases: 867598758(94.5198%)
","total reads: 5969822
total bases: 895161001
Q20 bases: 879054241(98.2007%)
Q30 bases: 852287475(95.2105%)
",11939644,291520,7522,0,40482,1160440,
CS1278_2,"total reads: 6119343
total bases: 917901450
Q20 bases: 868958179(94.6679%)
Q30 bases: 810809591(88.333%)
","total reads: 5969822
total bases: 895161001
Q20 bases: 857121194(95.7505%)
Q30 bases: 804324439(89.8525%)
",,,,,,,
CS1315_1,"total reads: 7161303
total bases: 1074195450
Q20 bases: 1044832397(97.2665%)
Q30 bases: 993403640(92.4789%)
","total reads: 7102430
total bases: 1064959597
Q20 bases: 1037110381(97.385%)
Q30 bases: 986601004(92.6421%)
",14204860,90270,26174,1302,29070,1093146,
CS1315_2,"total reads: 7161303
total bases: 1074195450
Q20 bases: 1032012693(96.0731%)
Q30 bases: 963274110(89.674%)
","total reads: 7102430
total bases: 1064961543
Q20 bases: 1025753177(96.3183%)
Q30 bases: 958190350(89.9742%)
",,,,,,,
CS1452_1,"total reads: 4351991
total bases: 652798650
Q20 bases: 637478032(97.6531%)
Q30 bases: 613731026(94.0154%)
","total reads: 4091687
total bases: 613642538
Q20 bases: 603359496(98.3243%)
Q30 bases: 585794687(95.4619%)
",8183374,520608,0,0,11198,544010,
CS1452_2,"total reads: 4351991
total bases: 652798650
Q20 bases: 596576312(91.3875%)
Q30 bases: 539882673(82.7028%)
","total reads: 4091687
total bases: 613642538
Q20 bases: 577611439(94.1283%)
Q30 bases: 530668323(86.4784%)
",,,,,,,
CS1477_1,"total reads: 3999737
total bases: 599960550
Q20 bases: 588958527(98.1662%)
Q30 bases: 570796710(95.139%)
","total reads: 3862855
total bases: 578980541
Q20 bases: 570656625(98.5623%)
Q30 bases: 555750396(95.9878%)
",7725710,272158,1606,0,53186,1437810,
CS1477_2,"total reads: 3999737
total bases: 599960550
Q20 bases: 565031493(94.1781%)
Q30 bases: 524828653(87.4772%)
","total reads: 3862855
total bases: 578980541
Q20 bases: 554969995(95.853%)
Q30 bases: 519679658(89.7577%)
",,,,,,,
CS1564_1,"total reads: 4330145
total bases: 649521750
Q20 bases: 637170323(98.0984%)
Q30 bases: 610632550(94.0126%)
","total reads: 4305721
total bases: 645604863
Q20 bases: 633975478(98.1987%)
Q30 bases: 607815060(94.1466%)
",8611442,48508,6,334,18632,841965,
CS1564_2,"total reads: 4330145
total bases: 649521750
Q20 bases: 627131417(96.5528%)
Q30 bases: 586806988(90.3445%)
","total reads: 4305721
total bases: 645607052
Q20 bases: 624736447(96.7673%)
Q30 bases: 584953541(90.6052%)
",,,,,,,
CS1565_1,"total reads: 3869208
total bases: 580381200
Q20 bases: 567796319(97.8316%)
Q30 bases: 543971676(93.7266%)
","total reads: 3848731
total bases: 577058527
Q20 bases: 565099796(97.9276%)
Q30 bases: 541601723(93.8556%)
",7697462,39994,260,700,21452,742943,
CS1565_2,"total reads: 3869208
total bases: 580381200
Q20 bases: 563412780(97.0763%)
Q30 bases: 532460532(91.7432%)
","total reads: 3848731
total bases: 577055436
Q20 bases: 561265569(97.2637%)
Q30 bases: 530764460(91.9781%)
",,,,,,,
CS1573_1,"total reads: 3653185
total bases: 547977750
Q20 bases: 537801341(98.1429%)
Q30 bases: 516311868(94.2213%)
","total reads: 3630936
total bases: 544432526
Q20 bases: 534883875(98.2461%)
Q30 bases: 513738664(94.3622%)
",7261872,44106,10,382,15694,685058,
CS1573_2,"total reads: 3653185
total bases: 547977750
Q20 bases: 527803099(96.3183%)
Q30 bases: 492279232(89.8356%)
","total reads: 3630936
total bases: 544432108
Q20 bases: 525627279(96.546%)
Q30 bases: 490609258(90.1139%)
",,,,,,,
CS1773_1,"total reads: 4571551
total bases: 685732650
Q20 bases: 671264226(97.8901%)
Q30 bases: 643309086(93.8134%)
","total reads: 4549896
total bases: 682078409
Q20 bases: 668288715(97.9783%)
Q30 bases: 640674289(93.9297%)
",9099792,42032,302,976,39450,1117066,
CS1773_2,"total reads: 4571551
total bases: 685732650
Q20 bases: 668746190(97.5229%)
Q30 bases: 636197620(92.7763%)
","total reads: 4549896
total bases: 682076217
Q20 bases: 666358689(97.6956%)
Q30 bases: 634279314(92.9924%)
",,,,,,,
CS1849_1,"total reads: 4418386
total bases: 662757900
Q20 bases: 651315463(98.2735%)
Q30 bases: 626415845(94.5165%)
","total reads: 4397278
total bases: 659276073
Q20 bases: 648484055(98.3631%)
Q30 bases: 623909317(94.6355%)
",8794556,41860,10,346,22566,994461,
CS1849_2,"total reads: 4418386
total bases: 662757900
Q20 bases: 643315151(97.0664%)
Q30 bases: 606381855(91.4937%)
","total reads: 4397278
total bases: 659279739
Q20 bases: 641128575(97.2468%)
Q30 bases: 604659301(91.7151%)
",,,,,,,
CS1861_1,"total reads: 3641368
total bases: 546205200
Q20 bases: 536936576(98.3031%)
Q30 bases: 516874969(94.6302%)
","total reads: 3623023
total bases: 543265607
Q20 bases: 534521235(98.3904%)
Q30 bases: 514733062(94.748%)
",7246046,36382,2,306,13420,601568,
CS1861_2,"total reads: 3641368
total bases: 546205200
Q20 bases: 528944684(96.8399%)
Q30 bases: 496616746(90.9213%)
","total reads: 3623023
total bases: 543267847
Q20 bases: 527131145(97.0297%)
Q30 bases: 495211168(91.1541%)
",,,,,,,
CS1864_1,"total reads: 3968606
total bases: 595290900
Q20 bases: 584185708(98.1345%)
Q30 bases: 561076634(94.2525%)
","total reads: 3952925
total bases: 592677000
Q20 bases: 582051321(98.2072%)
Q30 bases: 559195450(94.3508%)
",7905850,31144,2,216,17336,679204,
CS1864_2,"total reads: 3968606
total bases: 595290900
Q20 bases: 579335873(97.3198%)
Q30 bases: 548483692(92.1371%)
","total reads: 3952925
total bases: 592681033
Q20 bases: 577663687(97.4662%)
Q30 bases: 547156626(92.3189%)
",,,,,,,
CS1906_1,"total reads: 3238101
total bases: 485715150
Q20 bases: 477114155(98.2292%)
Q30 bases: 458738116(94.4459%)
","total reads: 3224331
total bases: 483449574
Q20 bases: 475270258(98.3081%)
Q30 bases: 457101266(94.5499%)
",6448662,27162,0,378,13564,590822,
CS1906_2,"total reads: 3238101
total bases: 485715150
Q20 bases: 473571847(97.4999%)
Q30 bases: 449578658(92.5601%)
","total reads: 3224331
total bases: 483454636
Q20 bases: 472126917(97.6569%)
Q30 bases: 448424344(92.7542%)
",,,,,,,
CS1907_1,"total reads: 4054034
total bases: 608105100
Q20 bases: 596674940(98.1204%)
Q30 bases: 572859455(94.204%)
","total reads: 4033876
total bases: 604842786
Q20 bases: 593994475(98.2064%)
Q30 bases: 570496534(94.3215%)
",8067752,39980,12,324,16470,705673,
CS1907_2,"total reads: 4054034
total bases: 608105100
Q20 bases: 588544749(96.7834%)
Q30 bases: 552464001(90.8501%)
","total reads: 4033876
total bases: 604847265
Q20 bases: 586525205(96.9708%)
Q30 bases: 550895286(91.0801%)
",,,,,,,
CS2093_1,"total reads: 3575737
total bases: 536360550
Q20 bases: 527027922(98.26%)
Q30 bases: 506398303(94.4138%)
","total reads: 3556052
total bases: 533258710
Q20 bases: 524445063(98.3472%)
Q30 bases: 504098013(94.5316%)
",7112104,38864,4,502,10580,476761,
CS2093_2,"total reads: 3575737
total bases: 536360550
Q20 bases: 517820487(96.5434%)
Q30 bases: 483989462(90.2358%)
","total reads: 3556052
total bases: 533259710
Q20 bases: 515892313(96.7432%)
Q30 bases: 482498946(90.481%)
",,,,,,,
CS2182_1,"total reads: 4548290
total bases: 682243500
Q20 bases: 670577574(98.2901%)
Q30 bases: 645016267(94.5434%)
","total reads: 4529526
total bases: 679173644
Q20 bases: 668059606(98.3636%)
Q30 bases: 642784007(94.6421%)
",9059052,37258,10,260,18642,756449,
CS2182_2,"total reads: 4548290
total bases: 682243500
Q20 bases: 662208368(97.0633%)
Q30 bases: 623622507(91.4076%)
","total reads: 4529526
total bases: 679175816
Q20 bases: 660275857(97.2172%)
Q30 bases: 622100965(91.5965%)
",,,,,,,
CS2189_1,"total reads: 3502816
total bases: 525422400
Q20 bases: 516165586(98.2382%)
Q30 bases: 496817912(94.5559%)
","total reads: 3488335
total bases: 523048399
Q20 bases: 514252969(98.3184%)
Q30 bases: 495134968(94.6633%)
",6976670,28720,16,226,13980,575061,
CS2189_2,"total reads: 3502816
total bases: 525422400
Q20 bases: 511378811(97.3272%)
Q30 bases: 484013430(92.1189%)
","total reads: 3488335
total bases: 523055204
Q20 bases: 509865158(97.4783%)
Q30 bases: 482806147(92.305%)
",,,,,,,
CS2220_1,"total reads: 4309817
total bases: 646472550
Q20 bases: 635390876(98.2858%)
Q30 bases: 611310889(94.561%)
","total reads: 4292279
total bases: 643577763
Q20 bases: 633007349(98.3576%)
Q30 bases: 609194507(94.6575%)
",8584558,34760,8,308,19206,700599,
CS2220_2,"total reads: 4309817
total bases: 646472550
Q20 bases: 628267181(97.1839%)
Q30 bases: 592903812(91.7137%)
","total reads: 4292279
total bases: 643584645
Q20 bases: 626437949(97.3358%)
Q30 bases: 591462057(91.9012%)
",,,,,,,
CS2271_1,"total reads: 4880193
total bases: 732028950
Q20 bases: 716653889(97.8997%)
Q30 bases: 687157635(93.8703%)
","total reads: 4856645
total bases: 728174955
Q20 bases: 713580409(97.9957%)
Q30 bases: 684463653(93.9971%)
",9713290,46460,384,252,25660,1051530,
CS2271_2,"total reads: 4880193
total bases: 732028950
Q20 bases: 711755171(97.2305%)
Q30 bases: 674128912(92.0905%)
","total reads: 4856645
total bases: 728179729
Q20 bases: 709311098(97.4088%)
Q30 bases: 672197323(92.312%)
",,,,,,,
CS2272_1,"total reads: 3590816
total bases: 538622400
Q20 bases: 529362747(98.2809%)
Q30 bases: 509385676(94.5719%)
","total reads: 3576014
total bases: 536203554
Q20 bases: 527386554(98.3557%)
Q30 bases: 507634622(94.672%)
",7152028,29360,4,240,15670,535676,
CS2272_2,"total reads: 3590816
total bases: 538622400
Q20 bases: 523933916(97.273%)
Q30 bases: 495250464(91.9476%)
","total reads: 3576014
total bases: 536209331
Q20 bases: 522401531(97.4249%)
Q30 bases: 494038341(92.1353%)
",,,,,,,
CS2273_1,"total reads: 4027465
total bases: 604119750
Q20 bases: 593239732(98.199%)
Q30 bases: 570399746(94.4183%)
","total reads: 4011920
total bases: 601569845
Q20 bases: 591167823(98.2709%)
Q30 bases: 568569070(94.5142%)
",8023840,30902,8,180,14770,532983,
CS2273_2,"total reads: 4027465
total bases: 604119750
Q20 bases: 587877769(97.3115%)
Q30 bases: 556099436(92.0512%)
","total reads: 4011920
total bases: 601579562
Q20 bases: 586253225(97.4523%)
Q30 bases: 554809110(92.2254%)
",,,,,,,
CS2307_1,"total reads: 4873042
total bases: 730956300
Q20 bases: 714458239(97.7429%)
Q30 bases: 683877693(93.5593%)
","total reads: 4848144
total bases: 726951756
Q20 bases: 711247865(97.8398%)
Q30 bases: 681070841(93.6886%)
",9696288,48924,310,562,22356,848103,
CS2307_2,"total reads: 4873042
total bases: 730956300
Q20 bases: 708064879(96.8683%)
Q30 bases: 667150846(91.271%)
","total reads: 4848144
total bases: 726953638
Q20 bases: 705520644(97.0517%)
Q30 bases: 665147623(91.4979%)
",,,,,,,
CS2308_1,"total reads: 3801119
total bases: 570167850
Q20 bases: 559994592(98.2157%)
Q30 bases: 538434899(94.4345%)
","total reads: 3782791
total bases: 567195984
Q20 bases: 557556820(98.3006%)
Q30 bases: 536273368(94.5482%)
",7565582,36402,2,252,16060,616961,
CS2308_2,"total reads: 3801119
total bases: 570167850
Q20 bases: 552926409(96.9761%)
Q30 bases: 520458294(91.2816%)
","total reads: 3782791
total bases: 567199401
Q20 bases: 551068724(97.1561%)
Q30 bases: 519005577(91.5032%)
",,,,,,,
CS2322_1,"total reads: 3760710
total bases: 564106500
Q20 bases: 555422946(98.4607%)
Q30 bases: 535806381(94.9832%)
","total reads: 3747172
total bases: 561918282
Q20 bases: 553640022(98.5268%)
Q30 bases: 534214660(95.0698%)
",7494344,26852,8,216,10402,355737,
CS2322_2,"total reads: 3760710
total bases: 564106500
Q20 bases: 551894534(97.8352%)
Q30 bases: 526202253(93.2807%)
","total reads: 3747172
total bases: 561926199
Q20 bases: 550479173(97.9629%)
Q30 bases: 525063117(93.4399%)
",,,,,,,
CS2325_1,"total reads: 4798873
total bases: 719830950
Q20 bases: 703511276(97.7328%)
Q30 bases: 673389381(93.5483%)
","total reads: 4774312
total bases: 715712433
Q20 bases: 700191553(97.8314%)
Q30 bases: 670475319(93.6794%)
",9548624,48050,312,760,41358,1222041,
CS2325_2,"total reads: 4798873
total bases: 719830950
Q20 bases: 699514079(97.1775%)
Q30 bases: 662241769(91.9996%)
","total reads: 4774312
total bases: 715710614
Q20 bases: 696846546(97.3643%)
Q30 bases: 660120129(92.2328%)
",,,,,,,
CS2364_1,"total reads: 3527479
total bases: 529121850
Q20 bases: 519787705(98.2359%)
Q30 bases: 500022473(94.5004%)
","total reads: 3514392
total bases: 526985279
Q20 bases: 518068057(98.3079%)
Q30 bases: 498504651(94.5956%)
",7028784,26078,4,92,12942,424422,
CS2364_2,"total reads: 3527479
total bases: 529121850
Q20 bases: 515670144(97.4577%)
Q30 bases: 489080947(92.4326%)
","total reads: 3514392
total bases: 526991775
Q20 bases: 514287339(97.5893%)
Q30 bases: 487968982(92.5952%)
",,,,,,,
CS2365_1,"total reads: 3700371
total bases: 555055650
Q20 bases: 545311291(98.2444%)
Q30 bases: 524281946(94.4557%)
","total reads: 3687706
total bases: 552963953
Q20 bases: 543627621(98.3116%)
Q30 bases: 522798295(94.5447%)
",7375412,25248,12,70,12530,475163,
CS2365_2,"total reads: 3700371
total bases: 555055650
Q20 bases: 540718449(97.417%)
Q30 bases: 512125705(92.2657%)
","total reads: 3687706
total bases: 552971133
Q20 bases: 539353265(97.5373%)
Q30 bases: 511026641(92.4147%)
",,,,,,,
CS2383_1,"total reads: 4428188
total bases: 664228200
Q20 bases: 652396445(98.2187%)
Q30 bases: 627341978(94.4468%)
","total reads: 4411171
total bases: 661423347
Q20 bases: 650106628(98.289%)
Q30 bases: 625314842(94.5408%)
",8822342,33760,12,262,16690,588508,
CS2383_2,"total reads: 4428188
total bases: 664228200
Q20 bases: 647512590(97.4835%)
Q30 bases: 614264975(92.478%)
","total reads: 4411171
total bases: 661435096
Q20 bases: 645709691(97.6225%)
Q30 bases: 612825490(92.6509%)
",,,,,,,
CS2397_1,"total reads: 6172732
total bases: 925909800
Q20 bases: 911626458(98.4574%)
Q30 bases: 879836036(95.0239%)
","total reads: 6144361
total bases: 921352843
Q20 bases: 907838436(98.5332%)
Q30 bases: 876456649(95.1271%)
",12288722,56240,2,500,21540,865779,
CS2397_2,"total reads: 6172732
total bases: 925909800
Q20 bases: 899651363(97.164%)
Q30 bases: 849098382(91.7042%)
","total reads: 6144361
total bases: 921356900
Q20 bases: 896826183(97.3375%)
Q30 bases: 846903483(91.9192%)
",,,,,,,
CS2400_1,"total reads: 5024078
total bases: 753611700
Q20 bases: 737507808(97.8631%)
Q30 bases: 706844511(93.7943%)
","total reads: 5001699
total bases: 749925723
Q20 bases: 734552057(97.95%)
Q30 bases: 704252076(93.9096%)
",10003398,43894,346,518,27190,976449,
CS2400_2,"total reads: 5024078
total bases: 753611700
Q20 bases: 733632066(97.3488%)
Q30 bases: 696116093(92.3707%)
","total reads: 5001699
total bases: 749926458
Q20 bases: 731243993(97.5088%)
Q30 bases: 694211861(92.5707%)
",,,,,,,
CS2401_1,"total reads: 4665957
total bases: 699893550
Q20 bases: 684645437(97.8214%)
Q30 bases: 655638330(93.6769%)
","total reads: 4643117
total bases: 696164187
Q20 bases: 681641728(97.9139%)
Q30 bases: 653011483(93.8014%)
",9286234,44958,296,426,24536,894892,
CS2401_2,"total reads: 4665957
total bases: 699893550
Q20 bases: 678629857(96.9619%)
Q30 bases: 639997495(91.4421%)
","total reads: 4643117
total bases: 696166904
Q20 bases: 676224348(97.1354%)
Q30 bases: 638098800(91.6589%)
",,,,,,,
CW0018_1,"total reads: 5231602
total bases: 784740300
Q20 bases: 767262313(97.7728%)
Q30 bases: 740173840(94.3209%)
","total reads: 5034614
total bases: 754902713
Q20 bases: 741812512(98.266%)
Q30 bases: 719737701(95.3418%)
",10069228,384572,9404,0,35262,1165822,
CW0018_2,"total reads: 5231602
total bases: 784740300
Q20 bases: 731629963(93.2321%)
Q30 bases: 673815197(85.8647%)
","total reads: 5034614
total bases: 754902713
Q20 bases: 716497717(94.9126%)
Q30 bases: 665791678(88.1957%)
",,,,,,,
CW0065_1,"total reads: 4461060
total bases: 669159000
Q20 bases: 654313931(97.7815%)
Q30 bases: 631216604(94.3298%)
","total reads: 4289131
total bases: 643117799
Q20 bases: 632041028(98.2776%)
Q30 bases: 613301190(95.3637%)
",8578262,336008,7850,0,31966,986524,
CW0065_2,"total reads: 4461060
total bases: 669159000
Q20 bases: 622825819(93.0759%)
Q30 bases: 572564688(85.5648%)
","total reads: 4289131
total bases: 643117799
Q20 bases: 609618361(94.7911%)
Q30 bases: 565586963(87.9445%)
",,,,,,,
CW0067_1,"total reads: 5480064
total bases: 822009600
Q20 bases: 803965798(97.8049%)
Q30 bases: 775862857(94.3861%)
","total reads: 5253261
total bases: 787710137
Q20 bases: 774526222(98.3263%)
Q30 bases: 752131397(95.4833%)
",10506522,444274,9332,0,33904,1349034,
CW0067_2,"total reads: 5480064
total bases: 822009600
Q20 bases: 763328439(92.8613%)
Q30 bases: 700865002(85.2624%)
","total reads: 5253261
total bases: 787710137
Q20 bases: 746058562(94.7123%)
Q30 bases: 691786238(87.8224%)
",,,,,,,
CW0071_1,"total reads: 4960395
total bases: 744059250
Q20 bases: 727809287(97.816%)
Q30 bases: 702598388(94.4277%)
","total reads: 4830858
total bases: 724427778
Q20 bases: 711166557(98.1694%)
Q30 bases: 689273590(95.1473%)
",9661716,255712,3362,0,23130,845234,
CW0071_2,"total reads: 4960395
total bases: 744059250
Q20 bases: 702044872(94.3534%)
Q30 bases: 653427565(87.8193%)
","total reads: 4830858
total bases: 724427778
Q20 bases: 691898571(95.5097%)
Q30 bases: 647919996(89.4389%)
",,,,,,,
CW0074_1,"total reads: 3701073
total bases: 555160950
Q20 bases: 545166453(98.1997%)
Q30 bases: 528481638(95.1943%)
","total reads: 3593008
total bases: 538508782
Q20 bases: 530699535(98.5498%)
Q30 bases: 516646072(95.9401%)
",7186016,214648,1482,0,52536,1449486,
CW0074_2,"total reads: 3701073
total bases: 555160950
Q20 bases: 525531832(94.663%)
Q30 bases: 490023669(88.267%)
","total reads: 3593008
total bases: 538508782
Q20 bases: 517320074(96.0653%)
Q30 bases: 485695032(90.1926%)
",,,,,,,
CW0107_1,"total reads: 6161903
total bases: 924285450
Q20 bases: 903311802(97.7308%)
Q30 bases: 870995989(94.2345%)
","total reads: 5893129
total bases: 883702677
Q20 bases: 868519239(98.2818%)
Q30 bases: 842946897(95.3881%)
",11786258,526924,10624,0,30060,1309138,
CW0107_2,"total reads: 6161903
total bases: 924285450
Q20 bases: 855557649(92.5642%)
Q30 bases: 782971541(84.711%)
","total reads: 5893129
total bases: 883702677
Q20 bases: 835183417(94.5095%)
Q30 bases: 772317492(87.3956%)
",,,,,,,
CW0178_1,"total reads: 6579762
total bases: 986964300
Q20 bases: 968658768(98.1453%)
Q30 bases: 938585532(95.0982%)
","total reads: 6449806
total bases: 966688039
Q20 bases: 951274445(98.4055%)
Q30 bases: 924501643(95.636%)
",12899612,255270,4642,0,92040,2328764,
CW0178_2,"total reads: 6579762
total bases: 986964300
Q20 bases: 944853795(95.7333%)
Q30 bases: 890974046(90.2742%)
","total reads: 6449806
total bases: 966688039
Q20 bases: 934410085(96.661%)
Q30 bases: 885131221(91.5633%)
",,,,,,,
CW0190_1,"total reads: 5006272
total bases: 750940800
Q20 bases: 735013888(97.8791%)
Q30 bases: 710133104(94.5658%)
","total reads: 4883700
total bases: 732318413
Q20 bases: 719237227(98.2137%)
Q30 bases: 697516021(95.2476%)
",9767400,241632,3512,0,27462,1040854,
CW0190_2,"total reads: 5006272
total bases: 750940800
Q20 bases: 710369558(94.5973%)
Q30 bases: 663001238(88.2894%)
","total reads: 4883700
total bases: 732318413
Q20 bases: 700699464(95.6823%)
Q30 bases: 657689676(89.8093%)
",,,,,,,
CW0192_1,"total reads: 4370337
total bases: 655550550
Q20 bases: 640170149(97.6538%)
Q30 bases: 616804171(94.0895%)
","total reads: 4252436
total bases: 637682378
Q20 bases: 625082656(98.0241%)
Q30 bases: 604695753(94.8271%)
",8504872,228758,7044,0,19338,887302,
CW0192_2,"total reads: 4370337
total bases: 655550550
Q20 bases: 620222759(94.611%)
Q30 bases: 578619216(88.2646%)
","total reads: 4252436
total bases: 637682378
Q20 bases: 610995115(95.815%)
Q30 bases: 573559567(89.9444%)
",,,,,,,
CW0219_1,"total reads: 6788689
total bases: 1018303350
Q20 bases: 996985733(97.9066%)
Q30 bases: 963641913(94.6321%)
","total reads: 6623262
total bases: 993178340
Q20 bases: 975718665(98.242%)
Q30 bases: 946651004(95.3153%)
",13246524,325976,4878,0,37190,1487734,
CW0219_2,"total reads: 6788689
total bases: 1018303350
Q20 bases: 964008597(94.6681%)
Q30 bases: 900503885(88.4318%)
","total reads: 6623262
total bases: 993178340
Q20 bases: 950971428(95.7503%)
Q30 bases: 893333055(89.9469%)
",,,,,,,
CW0223_1,"total reads: 4545811
total bases: 681871650
Q20 bases: 667342754(97.8693%)
Q30 bases: 644639152(94.5397%)
","total reads: 4441582
total bases: 666033462
Q20 bases: 654002411(98.1936%)
Q30 bases: 634038152(95.1961%)
",8883164,202798,5660,0,24842,939336,
CW0223_2,"total reads: 4545811
total bases: 681871650
Q20 bases: 647058497(94.8945%)
Q30 bases: 605304769(88.7711%)
","total reads: 4441582
total bases: 666033462
Q20 bases: 638751803(95.9039%)
Q30 bases: 600695378(90.19%)
",,,,,,,
CW0238_1,"total reads: 4884123
total bases: 732618450
Q20 bases: 715064596(97.604%)
Q30 bases: 688502308(93.9783%)
","total reads: 4755269
total bases: 713118060
Q20 bases: 698654609(97.9718%)
Q30 bases: 675352707(94.7042%)
",9510538,249870,7838,0,18140,804324,
CW0238_2,"total reads: 4884123
total bases: 732618450
Q20 bases: 693278857(94.6303%)
Q30 bases: 646627408(88.2625%)
","total reads: 4755269
total bases: 713118060
Q20 bases: 683205255(95.8054%)
Q30 bases: 641114622(89.903%)
",,,,,,,
CW0242_1,"total reads: 4816498
total bases: 722474700
Q20 bases: 699653355(96.8412%)
Q30 bases: 664152518(91.9274%)
","total reads: 4547644
total bases: 681784245
Q20 bases: 664917489(97.5261%)
Q30 bases: 636568910(93.3681%)
",9095288,536490,1218,0,65692,1409452,
CW0242_2,"total reads: 4816498
total bases: 722474700
Q20 bases: 660620701(91.4386%)
Q30 bases: 600290782(83.0881%)
","total reads: 4547644
total bases: 681784245
Q20 bases: 640428450(93.9342%)
Q30 bases: 589660750(86.4879%)
",,,,,,,
CW0263_1,"total reads: 5470282
total bases: 820542300
Q20 bases: 809839772(98.6957%)
Q30 bases: 792949458(96.6372%)
","total reads: 5337035
total bases: 800231101
Q20 bases: 791898561(98.9587%)
Q30 bases: 777965339(97.2176%)
",10674070,261096,5398,0,34704,1362062,
CW0263_2,"total reads: 5470282
total bases: 820542300
Q20 bases: 782549457(95.3698%)
Q30 bases: 737647613(89.8976%)
","total reads: 5337035
total bases: 800231101
Q20 bases: 772360119(96.5171%)
Q30 bases: 731998037(91.4733%)
",,,,,,,
CW0266_1,"total reads: 5381033
total bases: 807154950
Q20 bases: 796836590(98.7216%)
Q30 bases: 780448891(96.6913%)
","total reads: 5233496
total bases: 784616881
Q20 bases: 776749527(98.9973%)
Q30 bases: 763503869(97.3091%)
",10466992,289968,5106,0,45190,1413734,
CW0266_2,"total reads: 5381033
total bases: 807154950
Q20 bases: 765447661(94.8328%)
Q30 bases: 716498892(88.7684%)
","total reads: 5233496
total bases: 784616881
Q20 bases: 754209012(96.1245%)
Q30 bases: 710346513(90.5342%)
",,,,,,,
CW0271_1,"total reads: 5638108
total bases: 845716200
Q20 bases: 829793309(98.1172%)
Q30 bases: 803774334(95.0407%)
","total reads: 5460055
total bases: 818633566
Q20 bases: 806232361(98.4851%)
Q30 bases: 784713157(95.8565%)
",10920110,351678,4428,0,42496,1375342,
CW0271_2,"total reads: 5638108
total bases: 845716200
Q20 bases: 797410758(94.2882%)
Q30 bases: 745950380(88.2034%)
","total reads: 5460055
total bases: 818633566
Q20 bases: 783579956(95.718%)
Q30 bases: 738501266(90.2115%)
",,,,,,,
CW0361_1,"total reads: 5457150
total bases: 818572500
Q20 bases: 808053220(98.7149%)
Q30 bases: 791373118(96.6772%)
","total reads: 5308317
total bases: 795857754
Q20 bases: 787829582(98.9913%)
Q30 bases: 774351690(97.2978%)
",10616634,292590,5076,0,44728,1450356,
CW0361_2,"total reads: 5457150
total bases: 818572500
Q20 bases: 776127394(94.8147%)
Q30 bases: 726407343(88.7407%)
","total reads: 5308317
total bases: 795857754
Q20 bases: 764820692(96.1002%)
Q30 bases: 720220630(90.4962%)
",,,,,,,
CW0371_1,"total reads: 4456654
total bases: 668498100
Q20 bases: 653387136(97.7396%)
Q30 bases: 625275584(93.5344%)
","total reads: 4437096
total bases: 665377587
Q20 bases: 650901178(97.8243%)
Q30 bases: 623110837(93.6477%)
",88741912,38484,268,364,13990,542616,
CW0371_2,"total reads: 4456654
total bases: 668498100
Q20 bases: 649652356(97.1809%)
Q30 bases: 614690079(91.9509%)
","total reads: 4437096
total bases: 665380869
Q20 bases: 647658349(97.3365%)
Q30 bases: 613115424(92.145%)
",,,,,,,
CW0385_1,"total reads: 5848721
total bases: 877308150
Q20 bases: 865729629(98.6802%)
Q30 bases: 847558939(96.609%)
","total reads: 5653381
total bases: 847624815
Q20 bases: 839194221(99.0054%)
Q30 bases: 825087180(97.3411%)
",11306762,385580,5100,0,40792,1688782,
CW0385_2,"total reads: 5848721
total bases: 877308150
Q20 bases: 825526898(94.0977%)
Q30 bases: 767163933(87.4452%)
","total reads: 5653381
total bases: 847624815
Q20 bases: 810922037(95.6699%)
Q30 bases: 759297080(89.5794%)
",,,,,,,
CW0386_1,"total reads: 4493783
total bases: 674067450
Q20 bases: 659353829(97.8172%)
Q30 bases: 636491217(94.4254%)
","total reads: 4375446
total bases: 656114708
Q20 bases: 644168025(98.1792%)
Q30 bases: 624394734(95.1655%)
",8750892,231336,5338,0,24054,894874,
CW0386_2,"total reads: 4493783
total bases: 674067450
Q20 bases: 636484746(94.4245%)
Q30 bases: 592499361(87.8991%)
","total reads: 4375446
total bases: 656114708
Q20 bases: 627182939(95.5904%)
Q30 bases: 587427860(89.5313%)
",,,,,,,
CW0395_1,"total reads: 5472497
total bases: 820874550
Q20 bases: 809763276(98.6464%)
Q30 bases: 792167849(96.5029%)
","total reads: 5214003
total bases: 781732710
Q20 bases: 774229010(99.0401%)
Q30 bases: 761531735(97.4159%)

",10428006,512742,4246,0,39688,1660828,
CW0395_2,"total reads: 5472497
total bases: 820874550
Q20 bases: 755967444(92.0929%)
Q30 bases: 686823079(83.6697%)
","total reads: 5214003
total bases: 781732710
Q20 bases: 737110529(94.2919%)
Q30 bases: 677122236(86.6181%)
",,,,,,,
CW0458_1,"total reads: 5606225
total bases: 840933750
Q20 bases: 823736427(97.955%)
Q30 bases: 797203789(94.7998%)
","total reads: 5519291
total bases: 827619289
Q20 bases: 812610347(98.1865%)
Q30 bases: 788412322(95.2627%)
",11038582,171424,2444,0,26808,1065194,
CW0458_2,"total reads: 5606225
total bases: 840933750
Q20 bases: 804066127(95.6159%)
Q30 bases: 757995576(90.1374%)
","total reads: 5519291
total bases: 827619289
Q20 bases: 796830837(96.2799%)
Q30 bases: 753867371(91.0887%)
",,,,,,,
CW0464_1,"total reads: 4603535
total bases: 690530250
Q20 bases: 677488568(98.1114%)
Q30 bases: 656090682(95.0126%)
","total reads: 4467527
total bases: 669756461
Q20 bases: 659472247(98.4645%)
Q30 bases: 641566757(95.7911%)
",8935054,268604,3412,0,44040,1236960,
CW0464_2,"total reads: 4603535
total bases: 690530250
Q20 bases: 651810636(94.3928%)
Q30 bases: 609939053(88.3291%)
","total reads: 4467527
total bases: 669756461
Q20 bases: 641117724(95.724%)
Q30 bases: 604144764(90.2036%)
",,,,,,,
"
CW0478_1
","total reads: 4612388
total bases: 691858200
Q20 bases: 678903844(98.1276%)
Q30 bases: 657690662(95.0615%)
","total reads: 4464535
total bases: 669418272
Q20 bases: 659332491(98.4934%)
Q30 bases: 641828879(95.8786%)
",8929070,292212,3494,0,30652,919336,
"
CW0478_2
","total reads: 4612388
total bases: 691858200
Q20 bases: 651927224(94.2284%)
Q30 bases: 609594523(88.1097%)
","total reads: 4464535
total bases: 669418272
Q20 bases: 640518636(95.6829%)
Q30 bases: 603482327(90.1503%)
",,,,,,,
CW0502_1,"total reads: 6019298
total bases: 902894700
Q20 bases: 882548830(97.7466%)
Q30 bases: 851219905(94.2768%)
","total reads: 5888109
total bases: 882952566
Q20 bases: 865807294(98.0582%)
Q30 bases: 837829536(94.8895%)
",11776218,252302,10076,0,31194,1160064,
CW0502_2,"total reads: 6019298
total bases: 902894700
Q20 bases: 860396204(95.2931%)
Q30 bases: 808450500(89.5398%)
","total reads: 5888109
total bases: 882952566
Q20 bases: 849903552(96.257%)
Q30 bases: 802538927(90.8926%)
",,,,,,,
CW0509_1,"total reads: 6317623
total bases: 947643450
Q20 bases: 926176411(97.7347%)
Q30 bases: 893151301(94.2497%)
","total reads: 6086694
total bases: 912470016
Q20 bases: 896009506(98.196%)
Q30 bases: 868704363(95.2036%)
",12173388,451164,10694,0,40716,1819288,
CW0509_2,"total reads: 6317623
total bases: 947643450
Q20 bases: 888623250(93.7719%)
Q30 bases: 821864244(86.7272%)
","total reads: 6086694
total bases: 912470016
Q20 bases: 870822532(95.4357%)
Q30 bases: 812452016(89.0388%)
",,,,,,,
CW0561_1,"total reads: 6166642
total bases: 924996300
Q20 bases: 910592556(98.4428%)
Q30 bases: 880131077(95.1497%)
","total reads: 6141549
total bases: 920889493
Q20 bases: 907281105(98.5223%)
Q30 bases: 877193806(95.2551%)
",12283098,49520,0,666,26240,1030406,
CW0561_2,"total reads: 6166642
total bases: 924996300
Q20 bases: 904367526(97.7699%)
Q30 bases: 862467741(93.2401%)
","total reads: 6141549
total bases: 920899266
Q20 bases: 901742557(97.9198%)
Q30 bases: 860392881(93.4296%)
",,,,,,,
