tropicalis sample-ids,CS0044,CS0054,CS0060,CS0074,CS0081,CS0086,CS0101,CS0146,CS0195,CS0311,CS0317,CS0367,CS0424,CS0426,CS0470,CS0709,CS0748,CS0789,CS0791,CS0923,CS0943,CS0948,CS1155,CS1178,CS1278,CS1315,CS1452,CS1477,CS1564,CS1565,CS1573,CS1773,CS1849,CS1861,CS1864,CS1906,CS1907,CS2093,CS2182,CS2189,CS2220,CS2271,CS2272,CS2273,CS2307,CS2308,CS2322,CS2325,CS2364,CS2365,CS2383,CS2397,CS2400,CS2401,CW0018,CW0065,CW0067,CW0071,CW0074,CW0107,CW0178,CW0190,CW0192,CW0219,CW0223,CW0238,CW0242,CW0263,CW0266,CW0271,CW0361,CW0371,CW0385,CW0386,CW0395,CW0458,CW0464,CW0478,CW0502,CW0509,CW0561,,,,,,,,,,,,,,,,,,,,,,,,,,,,,,,,,,,,,,,,,
CS0044,NA,14542,14350,14246,14204,14846,14222,14801,16521,14879,14316,16549,16247,14145,16565,16256,15830,16400,14884,14112,16304,13393,14957,16152,16620,15204,14897,14260,15802,15715,15791,14876,14511,14168,14526,14677,14826,14033,13725,13680,15066,15794,14905,14904,14750,16370,16376,14623,15949,16136,14598,14767,15132,15057,14306,15107,15129,16614,14473,14437,16384,14624,15074,14680,14959,14055,15014,16651,10912,15123,14060,14848,16418,14708,14280,14578,14878,17810,14347,15120,14880,,,,,,,,,,,,,,,,,,,,,,,,,,,,,,,,,,,,,,,,,
CS0054,14542,NA,13475,10802,10794,12646,10801,12641,14506,11677,12761,14467,13492,11213,14370,13593,14893,14434,12697,12472,13572,10368,12767,13052,14540,12974,12156,11247,13089,12969,13097,12680,13856,11273,12229,12684,12806,11866,12301,12250,12798,14614,12261,12257,12895,13601,13604,12303,11640,11753,13210,12453,12844,12745,11046,12694,11458,13891,10905,11216,11659,12487,12688,12139,12693,12468,12757,14492,13753,12710,12326,12170,13690,10149,12735,12645,11242,16417,11261,12962,11895,,,,,,,,,,,,,,,,,,,,,,,,,,,,,,,,,,,,,,,,,
CS0060,14350,13475,NA,13718,13662,12227,13677,12208,15788,13715,13420,15812,15338,13567,15675,15413,15264,15698,12152,4248,15426,13227,14132,15433,15759,14320,12733,13830,15064,14967,15134,12171,14823,13750,14112,12000,12053,13995,6222,6220,14205,14893,14510,14492,13286,15550,15544,14253,15432,15549,13745,14292,14237,14209,12710,14156,13983,15746,13484,13999,15792,12946,14123,13477,12134,14125,14181,15816,14032,14296,12230,12783,15553,13974,14002,13767,14065,16653,13871,14352,14118,,,,,,,,,,,,,,,,,,,,,,,,,,,,,,,,,,,,,,,,,
CS0074,14246,10802,13718,NA,682,13839,769,13827,14055,12090,13174,14021,13505,11490,14066,13386,14836,14102,13870,13524,13402,12357,12435,13742,14035,12485,12417,11569,13025,12904,13015,13805,13779,11548,12854,13651,13751,13031,13521,13448,12366,14557,11441,11521,13738,13493,13467,13069,10605,10734,13069,13257,12480,12388,11212,12338,12647,13662,12539,11795,10762,13402,12368,12457,13884,10565,12365,14097,13537,12376,13519,12425,13522,13099,11981,11756,12690,16565,11604,12398,12101,,,,,,,,,,,,,,,,,,,,,,,,,,,,,,,,,,,,,,,,,
CS0081,14204,10794,13662,682,NA,13752,757,13724,14067,12083,13159,14048,13422,11448,14032,13317,14813,14070,13790,13484,13348,12324,12338,13680,14028,12397,12343,11504,12962,12819,12948,13736,13743,11490,12772,13578,13685,12986,13448,13432,12309,14592,11463,11517,13707,13431,13405,12995,10603,10711,12966,13148,12433,12303,11261,12313,12524,13630,12441,11788,10777,13341,12324,12485,13777,10537,12323,14105,13528,12343,13460,12347,13442,13015,11886,11658,12674,16468,11553,12329,12085,,,,,,,,,,,,,,,,,,,,,,,,,,,,,,,,,,,,,,,,,
CS0086,14846,12646,12227,13839,13752,NA,13749,1406,16071,11630,11088,16087,14837,13343,16025,14877,15449,15965,1328,12098,14930,13439,13742,14793,16088,13866,10192,12896,14584,14498,14582,1325,15144,12787,13926,1470,1331,12503,12407,12353,13818,14809,14720,14701,11992,14718,14709,10971,15458,15610,14018,10992,13808,13784,13061,13838,13315,15214,11168,12584,15962,11025,13792,13299,1243,13738,13748,16105,14613,13821,13237,10342,4979,10689,13998,13809,10886,16683,12887,13950,11672,,,,,,,,,,,,,,,,,,,,,,,,,,,,,,,,,,,,,,,,,
CS0101,14222,10801,13677,769,757,13749,NA,13660,14066,12024,12024,14082,13420,11477,14043,13395,14782,14056,13791,13528,13404,12329,12371,13700,14026,12490,12344,11534,12981,12876,12972,13749,13758,11505,12786,13507,13661,12997,13433,13390,12369,14561,11423,11476,13695,13450,13380,12990,10626,10709,12998,13180,12476,12327,11253,12323,12584,13643,12490,11801,10817,13279,12334,12435,13753,10552,12376,14105,13477,12363,13491,12381,13466,13091,11924,11688,12678,16478,11615,12433,12088,,,,,,,,,,,,,,,,,,,,,,,,,,,,,,,,,,,,,,,,,
CS0146,14801,12641,12208,13827,13724,1406,13660,NA,16066,11683,11176,16077,14829,13315,16016,14772,15433,16009,1563,12099,14884,13313,13689,14734,16078,13823,10285,12923,14553,14468,14575,1596,15120,12849,13836,1632,1559,12508,12387,12302,13731,14760,14713,14698,12003,14715,14729,10933,15310,15475,14042,11024,13706,13700,13076,13731,13257,15224,11171,12635,15791,10879,13698,13254,1395,13623,13696,16047,14537,13752,13227,10401,14925,10688,13906,13773,10882,16668,12925,13799,11604,,,,,,,,,,,,,,,,,,,,,,,,,,,,,,,,,,,,,,,,,
CS0195,16521,14506,15788,14055,14067,16071,14066,16066,NA,14580,15579,1423,15745,14315,1249,15612,14805,1322,16062,15723,15621,14893,13423,16164,1294,13555,15348,13743,15246,15152,15247,16015,16166,13688,15403,15991,16114,15514,15766,15681,13425,16413,10628,10717,16285,15798,15803,15455,15285,15465,15087,15599,13494,13464,12648,13417,15258,15866,15399,13729,15651,15530,13404,15347,16089,13845,13394,1430,16321,13443,16177,15270,15696,14730,15416,14908,15203,13134,13760,13507,14921,,,,,,,,,,,,,,,,,,,,,,,,,,,,,,,,,,,,,,,,,
CS0311,14879,11677,13715,12090,12083,11630,12024,11683,14580,NA,11503,14496,12690,11644,14530,12744,14862,14490,11654,13552,12662,13134,12912,13289,14630,13009,10180,9736,12566,12473,12581,11575,14388,9717,12191,12191,11764,12120,13386,13375,12957,13860,12443,12401,12371,12875,12927,10945,13177,13333,12954,11109,13007,12939,12482,12962,12983,13107,10344,11216,13642,12418,12899,11083,11693,12323,12949,14547,14212,13001,13626,10132,12834,11275,13221,12259,11338,16294,9797,13042,10144,,,,,,,,,,,,,,,,,,,,,,,,,,,,,,,,,,,,,,,,,
CS0317,14316,12761,13420,13174,13159,11088,13163,11176,15579,11503,NA,15589,14602,13020,15558,14581,14414,15511,11169,13038,14753,13114,13719,14621,15652,13884,11061,12179,14208,14111,14202,11138,14556,11991,13636,11112,11231,12253,13125,13091,13792,14495,14204,14209,12522,14465,14442,11466,14724,14946,13293,11461,13843,13806,13334,13808,13502,14948,11636,12849,15266,12211,13795,12538,11232,13385,13754,15659,13902,13832,12985,11060,14749,11270,13936,13064,11781,16851,12192,13980,11930,,,,,,,,,,,,,,,,,,,,,,,,,,,,,,,,,,,,,,,,,
CS0367,16549,14467,15812,14021,14048,16087,14082,16077,1423,14496,15589,NA,15748,14324,1505,15506,14805,1589,16075,15668,15551,14898,13466,16060,1494,13538,15282,13778,15170,15070,15136,16028,16226,13740,15475,16033,16135,15361,15643,15620,13483,16359,10817,10869,16233,15762,15747,15428,15307,15448,15002,15582,13468,13503,12662,13464,15280,15865,15261,13771,15689,15661,13443,15380,16092,13899,13458,880,16389,13498,16175,15239,15599,14760,15413,14966,15273,13124,13851,13517,14775,,,,,,,,,,,,,,,,,,,,,,,,,,,,,,,,,,,,,,,,,
CS0424,16247,13492,15338,13505,13422,14837,13420,14829,15745,12690,14602,15748,NA,13556,15758,3724,16200,15698,14755,14984,3446,14085,14334,3791,15845,14540,14183,13125,3892,3795,3907,14768,15683,13100,14827,14574,14704,13779,14262,14333,14311,16094,14958,15019,15186,3304,3222,13745,9684,9723,14352,13882,14505,14413,13495,14412,14060,2655,13812,14085,9904,14510,14378,12342,14857,13055,14419,15812,15663,14298,14908,14139,2769,14435,14395,13527,13908,13581,13224,14520,12647,,,,,,,,,,,,,,,,,,,,,,,,,,,,,,,,,,,,,,,,,
CS0426,14145,11213,13567,11490,11448,13343,11477,13315,14315,11644,13020,14324,13556,NA,14342,13532,14927,14248,13319,12798,13683,11143,12731,13566,14363,12847,12909,10461,13168,13021,13197,13311,13638,10470,12007,13321,13406,12666,12651,12656,12739,14299,12655,12629,13555,13665,13683,12615,11670,11775,12568,12763,12846,12703,11483,12721,13099,13965,12080,12198,11984,12783,12755,11610,13403,10201,12727,14359,13493,12807,13066,12846,13693,12327,11892,12342,13151,16322,10525,12776,11718,,,,,,,,,,,,,,,,,,,,,,,,,,,,,,,,,,,,,,,,,
CS0470,16565,14370,15675,14066,14032,16025,14043,16016,1249,14530,15558,1505,15758,14342,NA,15674,14844,1133,15992,15639,15604,14867,13411,16208,1346,13597,15349,13804,15238,15183,15303,15997,16148,13775,15430,15972,16034,15506,15682,15681,13468,16405,10673,10732,16317,15797,15790,15451,15377,15493,15066,15648,13478,13482,12638,13410,15283,15928,15408,13782,15688,15528,13361,15383,16010,13861,13408,1488,16406,13491,16125,15262,15711,14726,15384,14900,15256,13091,13893,13542,14907,,,,,,,,,,,,,,,,,,,,,,,,,,,,,,,,,,,,,,,,,
CS0709,16256,13593,15413,13386,13317,14877,13395,14772,15612,12744,14581,15506,3724,13532,15674,NA,16214,15583,14770,15147,1845,14105,14427,4457,15641,14546,14173,13102,3309,3357,3305,14770,15885,13111,14866,14692,14799,13627,14584,14539,14425,15983,15064,15100,14983,3888,3835,13724,10100,10191,14316,13836,14455,14445,13362,14409,14187,3360,13903,13961,10285,14664,14385,12481,14914,12856,14370,15580,15649,14313,15115,14147,3411,14225,14464,13672,13990,14046,13106,14461,12431,,,,,,,,,,,,,,,,,,,,,,,,,,,,,,,,,,,,,,,,,
CS0748,15830,14893,15264,14836,14813,15449,14782,15433,14805,14862,14414,14805,16200,14927,14844,16214,NA,14719,15525,15288,16299,15312,14949,16398,14818,15041,14842,14852,15830,15819,15864,15456,15680,14826,15560,15570,15654,15144,15383,15378,14980,15951,15145,15126,14244,16410,16412,14830,16873,16999,14274,14865,15089,14989,15223,14995,14951,16548,15107,14804,17299,15309,14997,14783,15514,15068,14917,14876,15564,15000,15791,14808,16280,14900,15079,14282,14788,16296,14869,15063,14732,,,,,,,,,,,,,,,,,,,,,,,,,,,,,,,,,,,,,,,,,
CS0789,16400,14434,15698,14102,14070,15965,14056,16009,1322,14490,15511,1589,15698,14248,1133,15583,14719,NA,16008,15556,15613,14880,13409,16052,1520,13595,15212,13735,15138,15092,15173,15991,16054,13658,15325,15921,15989,15398,15590,15520,13482,16325,10586,10648,16201,15751,15750,15370,15282,15444,14950,15502,13443,13467,12654,13448,15302,15855,15200,13759,15698,15497,13433,15291,16059,13785,13353,1613,16270,13429,16074,15158,15601,14722,15370,14829,15154,13082,13800,13584,14859,,,,,,,,,,,,,,,,,,,,,,,,,,,,,,,,,,,,,,,,,
CS0791,14884,12697,12152,13870,13790,1328,13791,1563,16062,11654,11169,16075,14755,13319,15992,14770,15525,16008,NA,12082,14845,13432,13757,14776,16067,13899,10292,12877,14529,14468,14574,1014,15160,12821,13947,1563,1465,12529,12347,12274,13748,14821,14681,14696,12040,14734,14741,10926,15495,15625,14029,10938,13795,13765,13071,13772,13316,15247,11321,12609,15945,10842,13786,13276,1263,13707,13758,16019,14604,13783,13183,10430,14898,10718,13995,13768,10914,16655,12843,13875,11695,,,,,,,,,,,,,,,,,,,,,,,,,,,,,,,,,,,,,,,,,
CS0923,14112,12472,4248,13524,13484,12098,13528,12099,15723,13552,13038,15668,14984,12798,15639,15147,15288,15556,12082,NA,15160,12235,13757,14438,15740,13939,12256,13569,14564,14482,14570,12066,14675,13515,13964,12034,12074,12925,4773,4803,13813,14602,14373,14360,12439,15136,15198,13787,14391,14577,13371,13816,13892,13750,12308,13818,13279,15440,12371,13787,14875,12406,13808,12968,12117,13611,13793,15771,13607,13826,11197,12315,15266,13361,13727,13560,13650,16668,13697,14042,13555,,,,,,,,,,,,,,,,,,,,,,,,,,,,,,,,,,,,,,,,,
CS0943,16304,13572,15426,13402,13348,14930,13404,14884,15621,12662,14753,15551,3446,13683,15604,1845,16299,15613,14845,15160,NA,14266,14373,4241,15624,14568,14189,13142,2869,2796,2813,14804,15887,13125,14851,14717,14814,13921,14645,14620,14447,16057,14980,15009,15182,3646,3556,13770,10197,10329,14441,13957,14480,14416,13457,14373,14155,2758,13793,13964,10411,14671,14349,12526,14870,13093,14416,15606,15675,14311,15215,14101,2912,14280,14595,13578,13866,13970,13124,14405,12568,,,,,,,,,,,,,,,,,,,,,,,,,,,,,,,,,,,,,,,,,
CS0948,13393,10368,13227,12357,12324,13439,12329,13313,14893,13134,13114,14898,14085,11143,14867,14105,15312,14880,13432,12235,14266,NA,13507,13663,14947,13679,13405,12236,13638,13482,13602,13389,13767,12231,13443,13200,13292,11776,11411,11426,13510,14384,13817,13800,13523,14053,14038,13160,12375,12503,12883,13181,13649,13585,11887,13465,12398,14615,12118,12728,12659,13129,13485,11991,13389,10188,13505,14907,12504,13390,12025,13475,14321,11930,10460,12800,12982,16929,12265,13549,12608,,,,,,,,,,,,,,,,,,,,,,,,,,,,,,,,,,,,,,,,,
CS1155,14957,12767,14132,12435,12338,13742,12371,13689,13423,12912,13719,13466,14334,12731,13411,14427,14949,13409,13757,13757,14373,13507,NA,14555,13466,920,13572,12555,14012,13905,14027,13655,14999,12523,13259,13737,13808,13674,13897,13897,1073,14814,12507,12503,13811,14413,14402,13502,13763,13866,13458,13664,1203,1173,10607,1189,8989,14628,13536,10691,14217,13798,1085,12706,13772,11817,1076,13538,14646,1269,13864,13508,14455,12507,13188,12940,12914,16437,12690,1321,12982,,,,,,,,,,,,,,,,,,,,,,,,,,,,,,,,,,,,,,,,,
CS1178,16152,13052,15433,13742,13680,14793,13700,14734,16164,13289,14621,16060,3791,13566,16208,4457,16398,16052,14776,14438,4241,13663,14555,NA,16247,14704,14467,13386,4156,4072,4155,14687,15856,13383,14788,14619,14713,13244,13943,13944,14546,16076,14944,14979,14777,4190,4115,13734,9269,9348,14476,13928,14657,14558,13598,14597,14264,3679,13659,14039,9403,14444,14561,12653,14811,13354,14575,16178,15612,14480,14644,14373,3246,14010,14723,13841,14132,13767,13489,14617,12804,,,,,,,,,,,,,,,,,,,,,,,,,,,,,,,,,,,,,,,,,
CS1278,16620,14540,15759,14035,14028,16088,14026,16078,1294,14630,15652,1494,15845,14363,1346,15641,14818,1520,16067,15740,15624,14947,13466,16247,NA,13541,15415,13810,15284,15221,15374,16055,16233,13796,15433,16050,16097,15574,15791,15742,13445,16454,10729,10754,16365,15859,15808,15558,15420,15596,15092,15692,13487,13468,12644,13396,15277,15967,15412,13780,15764,15593,13390,15406,16076,13878,13424,1567,16377,13424,16237,15315,15728,14791,15459,14943,15288,13175,13843,13494,14960,,,,,,,,,,,,,,,,,,,,,,,,,,,,,,,,,,,,,,,,,
CS1315,15204,12974,14320,12485,12397,13866,12490,13823,13555,13009,13884,13538,14540,12847,13597,14546,15041,13595,13899,13939,14568,13679,920,14704,13541,NA,13730,12760,14159,14112,14168,13811,15202,12714,13496,13928,14015,13806,14027,14105,1186,14945,12705,12719,13938,14547,14585,13682,13935,14091,13681,13815,1138,1152,10664,1153,9033,14807,13719,10856,14353,13892,1106,12832,13918,11962,1100,13574,14847,1233,14090,13743,14592,12569,13337,13119,13046,16627,12856,1227,13105,,,,,,,,,,,,,,,,,,,,,,,,,,,,,,,,,,,,,,,,,
CS1452,14897,12156,12733,12417,12343,10192,12344,10285,15348,10180,11061,15282,14183,12909,15349,14173,14842,15212,10292,12256,14189,13405,13572,14467,15415,13730,NA,10748,13684,13545,13643,10309,14840,10668,13395,10294,10307,12227,12577,12609,13600,14643,14262,14270,10392,14242,14278,11609,13895,14060,13951,11662,13702,13642,12091,13692,13178,14509,5851,11954,14287,11588,13666,12650,10220,13142,13629,15307,14617,13698,12531,1581,14195,11679,13987,13424,11466,16187,10841,13771,10139,,,,,,,,,,,,,,,,,,,,,,,,,,,,,,,,,,,,,,,,,
CS1477,14260,11247,13830,11569,11504,12896,11534,12923,13743,9736,12179,13778,13125,10461,13804,13102,14852,13735,12877,13569,13142,12236,12555,13386,13810,12760,10748,NA,12741,12634,12690,12867,14015,1306,12820,12674,12779,12435,13299,13209,12540,14471,12331,12304,13583,13185,13317,11865,12405,12463,13510,12012,12667,12619,10393,12553,13715,13366,11412,7464,12685,13302,12658,11585,12994,11822,12540,13816,13947,12651,14081,10746,13184,11016,12796,12280,12386,16588,1281,12669,11134,,,,,,,,,,,,,,,,,,,,,,,,,,,,,,,,,,,,,,,,,
CS1564,15802,13089,15064,13025,12962,14584,12981,14553,15246,12566,14208,15170,3892,13168,15238,3309,15830,15138,14529,14564,2869,13638,14012,4156,15284,14159,13684,12741,NA,988,927,14496,15371,12692,14484,14309,14441,13194,13982,13980,14049,15603,14539,14554,14688,4149,4109,13339,9932,10043,14003,13430,14102,13980,12887,14067,13877,3418,13221,13588,10261,14243,14050,12272,14613,12565,14023,15281,15182,13980,14637,13529,3648,13880,14161,13225,13640,14022,12775,14113,12058,,,,,,,,,,,,,,,,,,,,,,,,,,,,,,,,,,,,,,,,,
CS1565,15715,12969,14967,12904,12819,14498,12876,14468,15152,12473,14111,15070,3795,13021,15183,3357,15819,15092,14468,14482,2796,13482,13905,4072,15221,14112,13545,12634,988,NA,910,14418,15275,12554,14336,14227,14323,13068,13894,13936,13959,15530,14413,14463,14552,4140,4086,13214,9808,9887,13937,13382,14050,13956,12797,13972,13790,3367,13087,13527,10158,14141,13954,12150,14526,12507,13945,15214,15084,13892,14518,13462,3549,13758,14013,13121,13481,13984,12632,14022,11938,,,,,,,,,,,,,,,,,,,,,,,,,,,,,,,,,,,,,,,,,
CS1573,15791,13097,15134,13015,12948,14582,12972,14575,15247,12581,14202,15136,3907,13197,15303,3305,15864,15173,14574,14570,2813,13602,14027,4155,15374,14168,13643,12690,927,910,NA,14495,15350,12627,14508,14379,14508,13092,13995,13989,14079,15635,14490,14566,14641,4071,4074,13275,9839,9952,14134,13394,14171,13998,12917,14087,13862,3403,13134,13606,10148,14268,14073,12235,14670,12587,14042,15264,15183,14002,14692,13517,3625,13855,14163,13237,13529,14050,12752,14137,11953,,,,,,,,,,,,,,,,,,,,,,,,,,,,,,,,,,,,,,,,,
CS1773,14876,12680,12171,13805,13736,1325,13749,1596,16015,11575,11138,16028,14768,13311,15997,14770,15456,15991,1014,12066,14804,13389,13655,14687,16055,13811,10309,12867,14496,14418,14495,NA,15112,12768,13920,1564,1570,12382,12318,12308,13727,14815,14691,14685,11951,14669,14679,10871,15440,15602,13934,10849,13742,13688,13108,13737,13299,15194,11272,12578,15945,10934,13735,13313,1355,13654,13678,16083,14551,13760,13209,10404,14880,10648,14003,13744,10889,16682,12828,13816,11547,,,,,,,,,,,,,,,,,,,,,,,,,,,,,,,,,,,,,,,,,
CS1849,14511,13856,14823,13779,13743,15144,13758,15120,16166,14388,14556,16226,15683,13638,16148,15885,15680,16054,15160,14675,15887,13767,14999,15856,16233,15202,14840,14015,15371,15275,15350,15112,NA,13939,14522,14918,15020,13796,14237,14249,15045,14823,14503,14546,15296,15745,15865,14751,15268,15416,14405,14733,15140,14997,14218,15077,14717,16104,14579,14249,15706,14910,15096,14340,15210,14080,15057,16304,14503,15134,14471,14742,15923,14421,14053,13667,14422,18142,14143,15082,14522,,,,,,,,,,,,,,,,,,,,,,,,,,,,,,,,,,,,,,,,,
CS1861,14168,11273,13750,11548,11490,12787,11505,12849,13688,9717,11991,13740,13100,10470,13775,13111,14826,13658,12821,13515,13125,12231,12523,13383,13796,12714,10668,1306,12692,12554,12627,12768,13939,NA,12763,12492,12658,12379,13250,13236,12537,14404,12253,12145,13512,13206,13292,11787,12360,12430,13515,11947,12722,12608,10374,12598,13731,13411,11416,7392,12672,13335,12674,11551,12865,11740,12573,13811,13994,12668,14002,10661,13245,10852,12763,12245,12333,16523,1267,12666,11085,,,,,,,,,,,,,,,,,,,,,,,,,,,,,,,,,,,,,,,,,
CS1864,14526,12229,14112,12854,12772,13926,12786,13836,15403,12191,13636,15475,14827,12007,15430,14866,15560,15325,13947,13964,14851,13443,13259,14788,15433,13496,13395,12820,14484,14336,14508,13920,14522,12763,NA,13840,13877,13248,14100,13985,13268,14269,12423,12360,13476,14831,14892,13116,14092,14244,13296,13190,13300,13265,12820,13262,13585,15213,13478,13327,14464,13127,13275,12767,13975,12746,13347,15476,14083,13256,13731,13376,14929,13078,13012,12740,13341,16830,12886,13475,13187,,,,,,,,,,,,,,,,,,,,,,,,,,,,,,,,,,,,,,,,,
CS1906,14677,12684,12000,13651,13578,1470,13507,1632,15991,12191,11112,16033,14574,13321,15972,14692,15570,15921,1563,12034,14717,13200,13737,14619,16050,13928,10294,12674,14309,14227,14379,1564,14918,12492,13840,NA,872,12379,12062,12076,13793,14882,14454,14466,11956,14557,14523,10916,15205,15355,13965,10964,13862,13788,12925,13843,13336,15007,11203,12470,15737,10929,13787,13247,1338,13515,13804,16042,14374,13823,13129,10400,14766,10808,13818,13573,11035,16632,12657,13918,11650,,,,,,,,,,,,,,,,,,,,,,,,,,,,,,,,,,,,,,,,,
CS1907,14826,12806,12053,13751,13685,1331,13661,1559,16114,11764,11231,16135,14704,13406,16034,14799,15654,15989,1465,12074,14814,13292,13808,14713,16097,14015,10307,12779,14441,14323,14508,1570,15020,12658,13877,872,NA,12446,12202,12175,13859,14923,14614,14581,12021,14646,14697,11030,15347,15500,13992,11066,13880,13838,13014,13893,13391,15167,11262,12516,15834,10996,13845,13289,1185,13652,13844,16133,14470,13898,13180,10401,14859,10927,13913,13684,11053,16773,12741,13981,11689,,,,,,,,,,,,,,,,,,,,,,,,,,,,,,,,,,,,,,,,,
CS2093,14033,11866,13995,13031,12986,12503,12997,12508,15514,12120,12253,15361,13779,12666,15506,13627,15144,15398,12529,12925,13921,11776,13674,13244,15574,13806,12227,12435,13194,13068,13092,12382,13796,12379,13248,12379,12446,NA,11577,11553,13731,14964,13893,13960,12361,13734,13885,11331,13097,13240,13182,11304,13762,13719,12951,13750,12604,14436,9587,12237,13582,12917,13729,12569,12617,12740,13721,15410,13434,13640,10900,12124,14017,11361,13549,12707,12135,16735,12492,13775,11110,,,,,,,,,,,,,,,,,,,,,,,,,,,,,,,,,,,,,,,,,
CS2182,13725,12301,6222,13521,13448,12407,13433,12387,15766,13386,13125,15643,14262,12651,15682,14584,15383,15590,12347,4773,14645,11411,13897,13943,15791,14027,12577,13299,13982,13894,13995,12318,14237,13250,14100,12062,12202,11577,NA,815,14003,14705,14223,14249,12831,14689,14773,13180,13914,14159,13179,13110,14042,13886,12517,14009,13136,14999,11207,13666,14403,12614,13952,12975,12374,13395,13972,15748,13384,13959,10150,12616,14738,13603,13707,13049,13765,16533,13436,14060,12886,,,,,,,,,,,,,,,,,,,,,,,,,,,,,,,,,,,,,,,,,
CS2189,13680,12250,6220,13448,13432,12353,13390,12302,15681,13375,13091,15620,14333,12656,15681,14539,15378,15520,12274,4803,14620,11426,13897,13944,15742,14105,12609,13209,13980,13936,13989,12308,14249,13236,13985,12076,12175,11553,815,NA,13975,14641,14123,14160,12785,14707,14770,13117,13903,14122,13141,13095,13964,13892,12447,13949,13132,14994,11192,13634,14354,12603,13948,12977,12343,13429,13968,15645,13297,13953,10112,12613,14764,13614,13679,13047,13746,16459,13366,14070,12894,,,,,,,,,,,,,,,,,,,,,,,,,,,,,,,,,,,,,,,,,
CS2220,15066,12798,14205,12366,12309,13818,12369,13731,13425,12957,13792,13483,14311,12739,13468,14425,14980,13482,13748,13813,14447,13510,1073,14546,13445,1186,13600,12540,14049,13959,14079,13727,15045,12537,13268,13793,13859,13731,14003,13975,NA,14874,12469,12457,13878,14431,14427,13532,13752,13881,13529,13727,1225,1199,10536,1138,9018,14677,13664,10776,14235,13797,1117,12644,13845,11792,1067,13505,14719,1271,13944,13578,14444,12551,13134,13019,12959,16381,12651,1297,13023,,,,,,,,,,,,,,,,,,,,,,,,,,,,,,,,,,,,,,,,,
CS2271,15794,14614,14893,14557,14592,14809,14561,14760,16413,13860,14495,16359,16094,14299,16405,15983,15951,16325,14821,14602,16057,14384,14814,16076,16454,14945,14643,14471,15603,15530,15635,14815,14823,14404,14269,14882,14923,14964,14705,14641,14874,NA,15249,15211,14896,16089,16093,14491,16076,16292,14749,14616,14950,14882,14614,14852,14958,16290,14725,14794,16590,14495,14917,14373,14859,14124,14883,16447,15278,14937,14823,14657,15982,14627,14456,14349,14548,17864,14500,15077,14420,,,,,,,,,,,,,,,,,,,,,,,,,,,,,,,,,,,,,,,,,
CS2272,14905,12261,14510,11441,11463,14720,11423,14713,10628,12443,14204,10817,14958,12655,10673,15064,15145,10586,14681,14373,14980,13817,12507,14944,10729,12705,14262,12331,14539,14413,14490,14691,14503,12253,12423,14454,14614,13893,14223,14123,12469,15249,NA,794,15091,15045,15134,13863,13452,13571,13085,13931,12599,12532,11464,12542,13925,15247,14319,12562,13710,13936,12481,12724,14795,11965,12541,10839,14619,12496,14570,14216,15069,13309,13631,12823,13587,16865,12455,12737,13782,,,,,,,,,,,,,,,,,,,,,,,,,,,,,,,,,,,,,,,,,
CS2273,14904,12257,14492,11521,11517,14701,11476,14698,10717,12401,14209,10869,15019,12629,10732,15100,15126,10648,14696,14360,15009,13800,12503,14979,10754,12719,14270,12304,14554,14463,14566,14685,14546,12145,12360,14466,14581,13960,14249,14160,12457,15211,794,NA,15135,15086,15139,13903,13525,13630,13141,13975,12599,12560,11533,12561,13957,15290,14310,12577,13764,13949,12409,12720,14756,11956,12534,10869,14629,12465,14606,14218,15061,13302,13659,12867,13587,16863,12396,12753,13760,,,,,,,,,,,,,,,,,,,,,,,,,,,,,,,,,,,,,,,,,
CS2307,14750,12895,13286,13738,13707,11992,13695,12003,16285,12371,12522,16233,15186,13555,16317,14983,14244,16201,12040,12439,15182,13523,13811,14777,16365,13938,10392,13583,14688,14552,14641,11951,15296,13512,13476,11956,12021,12361,12831,12785,13878,14896,15091,15135,NA,14950,14915,12566,14841,14953,13404,12821,13998,13899,12926,13858,13743,15528,12074,13412,15233,11997,13885,12820,12049,13786,13844,16254,14024,13805,12334,10455,15181,12864,14449,13431,12558,16871,13635,13964,12382,,,,,,,,,,,,,,,,,,,,,,,,,,,,,,,,,,,,,,,,,
CS2308,16370,13601,15550,13493,13431,14718,13450,14715,15798,12875,14465,15762,3304,13665,15797,3888,16410,15751,14734,15136,3646,14053,14413,4190,15859,14547,14242,13185,4149,4140,4071,14669,15745,13206,14831,14557,14646,13734,14689,14707,14431,16089,15045,15086,14950,NA,2300,13895,9507,9595,14472,14022,14473,14394,13502,14431,14387,2874,13865,14020,9771,14820,14451,13250,14799,12753,14423,15849,15458,14350,15347,14147,2970,14455,14703,13747,14034,13513,13254,14551,12518,,,,,,,,,,,,,,,,,,,,,,,,,,,,,,,,,,,,,,,,,
CS2322,16376,13604,15544,13467,13405,14709,13380,14729,15803,12927,14442,15747,3222,13683,15790,3835,16412,15750,14741,15198,3556,14038,14402,4115,15808,14585,14278,13317,4109,4086,4074,14679,15865,13292,14892,14523,14697,13885,14773,14770,14427,16093,15134,15139,14915,2300,NA,13932,9494,9523,14432,14081,14639,14455,13480,14426,14345,1965,13953,14063,9647,14792,14475,13205,14754,12734,14491,15834,15572,14383,15370,14224,3046,14532,14664,13687,14075,13277,13386,14604,12621,,,,,,,,,,,,,,,,,,,,,,,,,,,,,,,,,,,,,,,,,
CS2325,14623,12303,14253,13069,12995,10971,12990,10933,15455,10945,11466,15428,13745,12615,15451,13724,14830,15370,10926,13787,13770,13160,13502,13734,15558,13682,11609,11865,13339,13214,13275,10871,14751,11787,13116,10916,11030,11331,13180,13117,13532,14491,13863,13903,12566,13895,13932,NA,14514,14629,13450,1961,13538,13514,13409,13599,12803,14076,10844,12355,14888,9478,13585,12063,11010,13254,13570,15396,14085,13514,12662,11617,13868,9026,13574,12839,8855,16040,11882,13642,5952,,,,,,,,,,,,,,,,,,,,,,,,,,,,,,,,,,,,,,,,,
CS2364,15949,11640,15432,10605,10603,15458,10626,15310,15285,13177,14724,15307,9684,11670,15377,10100,16873,15282,15495,14391,10197,12375,13763,9269,15420,13935,13895,12405,9932,9808,9839,15440,15268,12360,14092,15205,15347,13097,13914,13903,13752,16076,13452,13525,14841,9507,9494,14514,NA,1000,14362,14552,13922,13747,11777,13818,14265,9770,12528,12859,1768,14593,13828,13620,15567,10661,13801,15381,15183,13747,14054,13866,9879,14470,13745,13869,14503,14303,12451,13951,12772,,,,,,,,,,,,,,,,,,,,,,,,,,,,,,,,,,,,,,,,,
CS2365,16136,11753,15549,10734,10711,15610,10709,15475,15465,13333,14946,15448,9723,11775,15493,10191,16999,15444,15625,14577,10329,12503,13866,9348,15596,14091,14060,12463,10043,9887,9952,15602,15416,12430,14244,15355,15500,13240,14159,14122,13881,16292,13571,13630,14953,9595,9523,14629,1000,NA,14501,14711,14049,13909,11908,13959,14376,9754,12700,12971,1679,14736,13955,13788,15722,10763,13894,15502,15320,13870,14135,14032,9949,14590,13889,13981,14689,14308,12520,14081,12912,,,,,,,,,,,,,,,,,,,,,,,,,,,,,,,,,,,,,,,,,
CS2383,14598,13210,13745,13069,12966,14018,12998,14042,15087,12954,13293,15002,14352,12568,15066,14316,14274,14950,14029,13371,14441,12883,13458,14476,15092,13681,13951,13510,14003,13937,14134,13934,14405,13515,13296,13965,13992,13182,13179,13141,13529,14749,13085,13141,13404,14472,14432,13450,14362,14501,NA,13450,13529,13477,13109,13533,13173,14787,13517,13808,14873,13712,13540,12873,14001,12784,13552,15070,13980,13522,13260,13993,14612,13992,13198,12966,13622,16360,13570,13620,13336,,,,,,,,,,,,,,,,,,,,,,,,,,,,,,,,,,,,,,,,,
CS2397,14767,12453,14292,13257,13148,10992,13180,11024,15599,11109,11461,15582,13882,12763,15648,13836,14865,15502,10938,13816,13957,13181,13664,13928,15692,13815,11662,12012,13430,13382,13394,10849,14733,11947,13190,10964,11066,11304,13110,13095,13727,14616,13931,13975,12821,14022,14081,1961,14552,14711,13450,NA,13721,13670,13530,13778,12880,14196,10825,12392,14974,9563,13755,12239,11014,13360,13720,15573,14213,13673,12652,11714,14051,9173,13606,12887,9047,16147,12053,13799,6051,,,,,,,,,,,,,,,,,,,,,,,,,,,,,,,,,,,,,,,,,
CS2400,15132,12844,14237,12480,12433,13808,12476,13706,13494,13007,13843,13468,14505,12846,13478,14455,15089,13443,13795,13892,14480,13649,1203,14657,13487,1138,13702,12667,14102,14050,14171,13742,15140,12722,13300,13862,13880,13762,14042,13964,1225,14950,12599,12599,13998,14473,14639,13538,13922,14049,13529,13721,NA,1026,10659,1280,8976,14760,13650,10853,14321,13900,1148,12789,13863,11916,1113,13515,14729,1311,13999,13627,14536,12568,13250,13076,12905,16525,12790,1339,12989,,,,,,,,,,,,,,,,,,,,,,,,,,,,,,,,,,,,,,,,,
CS2401,15057,12745,14209,12388,12303,13784,12327,13700,13464,12939,13806,13503,14413,12703,13482,14445,14989,13467,13765,13750,14416,13585,1173,14558,13468,1152,13642,12619,13980,13956,13998,13688,14997,12608,13265,13788,13838,13719,13886,13892,1199,14882,12532,12560,13899,14394,14455,13514,13747,13909,13477,13670,1026,NA,10584,1260,8954,14721,13566,10816,14166,13834,1229,12728,13827,11793,1189,13551,14668,1407,13934,13546,14454,12549,13145,12948,12901,16455,12708,1388,12980,,,,,,,,,,,,,,,,,,,,,,,,,,,,,,,,,,,,,,,,,
CW0018,14306,11046,12710,11212,11261,13061,11253,13076,12648,12482,13334,12662,13495,11483,12638,13362,15223,12654,13071,12308,13457,11887,10607,13598,12644,10664,12091,10393,12887,12797,12917,13108,14218,10374,12820,12925,13014,12951,12517,12447,10536,14614,11464,11533,12926,13502,13480,13409,11777,11908,13109,13530,10659,10584,NA,10492,12899,13684,12320,9767,12137,13028,10501,12555,13112,10712,10557,12654,13778,10524,12779,12161,13530,12142,12692,12484,13115,16407,10522,10661,12548,,,,,,,,,,,,,,,,,,,,,,,,,,,,,,,,,,,,,,,,,
CW0065,15107,12694,14156,12338,12313,13838,12323,13731,13417,12962,13808,13464,14412,12721,13410,14409,14995,13448,13772,13818,14373,13465,1189,14597,13396,1153,13692,12553,14067,13972,14087,13737,15077,12598,13262,13843,13893,13750,14009,13949,1138,14852,12542,12561,13858,14431,14426,13599,13818,13959,13533,13778,1280,1260,10492,NA,9033,14653,13590,10787,14153,13786,1041,12676,13796,11783,1025,13451,14722,1193,13966,13674,14444,12561,13202,12955,12932,16507,12663,1277,13053,,,,,,,,,,,,,,,,,,,,,,,,,,,,,,,,,,,,,,,,,
CW0067,15129,11458,13983,12647,12524,13315,12584,13257,15258,12983,13502,15280,14060,13099,15283,14187,14951,15302,13316,13279,14155,12398,8989,14264,15277,9033,13178,13715,13877,13790,13862,13299,14717,13731,13585,13336,13391,12604,13136,13132,9018,14958,13925,13957,13743,14387,14345,12803,14265,14376,13173,12880,8976,8954,12899,9033,NA,14488,12239,13628,14436,13149,8975,11430,13286,13512,9019,15250,14949,8972,12673,13139,14241,12205,13442,13227,9162,16739,13820,9071,12537,,,,,,,,,,,,,,,,,,,,,,,,,,,,,,,,,,,,,,,,,
CW0071,16614,13891,15746,13662,13630,15214,13643,15224,15866,13107,14948,15865,2655,13965,15928,3360,16548,15855,15247,15440,2758,14615,14628,3679,15967,14807,14509,13366,3418,3367,3403,15194,16104,13411,15213,15007,15167,14436,14999,14994,14677,16290,15247,15290,15528,2874,1965,14076,9770,9754,14787,14196,14760,14721,13684,14653,14488,NA,14206,14252,9792,14919,14701,12948,15274,13423,14681,15906,16055,14545,15696,14457,2286,14675,14863,13866,14133,13529,13441,14787,12857,,,,,,,,,,,,,,,,,,,,,,,,,,,,,,,,,,,,,,,,,
CW0074,14473,10905,13484,12539,12441,11168,12490,11171,15399,10344,11636,15261,13812,12080,15408,13903,15107,15200,11321,12371,13793,12118,13536,13659,15412,13719,5851,11412,13221,13087,13134,11272,14579,11416,13478,11203,11262,9587,11207,11192,13664,14725,14319,14310,12074,13865,13953,10844,12528,12700,13517,10825,13650,13566,12320,13590,12239,14206,NA,12375,12812,12422,13642,12952,11180,12874,13613,15328,14317,13641,10679,6023,13932,11691,13853,13306,11476,16516,11546,13704,9418,,,,,,,,,,,,,,,,,,,,,,,,,,,,,,,,,,,,,,,,,
CW0107,14437,11216,13999,11795,11788,12584,11801,12635,13729,11216,12849,13771,14085,12198,13782,13961,14804,13759,12609,13787,13964,12728,10691,14039,13780,10856,11954,7464,13588,13527,13606,12578,14249,7392,13327,12470,12516,12237,13666,13634,10776,14794,12562,12577,13412,14020,14063,12355,12859,12971,13808,12392,10853,10816,9767,10787,13628,14252,12375,NA,13222,13576,10804,12836,12645,12018,10769,13887,14151,10766,14204,11895,14060,10875,13240,12980,12441,16809,7383,10805,11717,,,,,,,,,,,,,,,,,,,,,,,,,,,,,,,,,,,,,,,,,
CW0178,16384,11659,15792,10762,10777,15962,10817,15791,15651,13642,15266,15689,9904,11984,15688,10285,17299,15698,15945,14875,10411,12659,14217,9403,15764,14353,14287,12685,10261,10158,10148,15945,15706,12672,14464,15737,15834,13582,14403,14354,14235,16590,13710,13764,15233,9771,9647,14888,1768,1679,14873,14974,14321,14166,12137,14153,14436,9792,12812,13222,NA,14968,14181,14101,15990,11068,14161,15680,15633,14119,14326,14269,10046,14861,14150,14185,14688,14493,12733,14356,13266,,,,,,,,,,,,,,,,,,,,,,,,,,,,,,,,,,,,,,,,,
CW0190,14624,12487,12946,13402,13341,11025,13279,10879,15530,12418,12211,15661,14510,12783,15528,14664,15309,15497,10842,12406,14671,13129,13798,14444,15593,13892,11588,13302,14243,14141,14268,10934,14910,13335,13127,10929,10996,12917,12614,12603,13797,14495,13936,13949,11997,14820,14792,9478,14593,14736,13712,9563,13900,13834,13028,13786,13149,14919,12422,13576,14968,NA,13753,12816,10968,13562,13793,15643,14130,13724,12487,11579,14666,10761,13499,13395,10410,16490,13368,13927,11209,,,,,,,,,,,,,,,,,,,,,,,,,,,,,,,,,,,,,,,,,
CW0192,15074,12688,14123,12368,12324,13792,12334,13698,13404,12899,13795,13443,14378,12755,13361,14385,14997,13433,13786,13808,14349,13485,1085,14561,13390,1106,13666,12658,14050,13954,14073,13735,15096,12674,13275,13787,13845,13729,13952,13948,1117,14917,12481,12409,13885,14451,14475,13585,13828,13955,13540,13755,1148,1229,10501,1041,8975,14701,13642,10804,14181,13753,NA,12704,13781,11814,978,13423,14679,1251,13948,13612,14433,12550,13195,12959,12885,16417,12768,1224,13064,,,,,,,,,,,,,,,,,,,,,,,,,,,,,,,,,,,,,,,,,
CW0219,14680,12139,13477,12457,12485,13299,12435,13254,15347,11083,12538,15380,12342,11610,15383,12481,14783,15291,13276,12968,12526,11991,12706,12653,15406,12832,12650,11585,12272,12150,12235,13313,14340,11551,12767,13247,13289,12569,12975,12977,12644,14373,12724,12720,12820,13250,13205,12063,13620,13788,12873,12239,12789,12728,12555,12676,11430,12948,12952,12836,14101,12816,12704,NA,13306,12274,12683,15423,13894,12621,13159,12646,12685,12335,12652,12400,10624,16889,11595,12766,11931,,,,,,,,,,,,,,,,,,,,,,,,,,,,,,,,,,,,,,,,,
CW0223,14959,12693,12134,13884,13777,1243,13753,1395,16089,11693,11232,16092,14857,13403,16010,14914,15514,16059,1263,12117,14870,13389,13772,14811,16076,13918,10220,12994,14613,14526,14670,1355,15210,12865,13975,1338,1185,12617,12374,12343,13845,14859,14795,14756,12049,14799,14754,11010,15567,15722,14001,11014,13863,13827,13112,13796,13286,15274,11180,12645,15990,10968,13781,13306,NA,13778,13804,16121,14670,13878,13270,10384,14961,10821,14060,13869,10915,16736,12954,13932,11768,,,,,,,,,,,,,,,,,,,,,,,,,,,,,,,,,,,,,,,,,
CW0238,14055,12468,14125,10565,10537,13738,10552,13623,13845,12323,13385,13899,13055,10201,13861,12856,15068,13785,13707,13611,13093,10188,11817,13354,13878,11962,13142,11822,12565,12507,12587,13654,14080,11740,12746,13515,13652,12740,13395,13429,11792,14124,11965,11956,13786,12753,12734,13254,10661,10763,12784,13360,11916,11793,10712,11783,13512,13423,12874,12018,11068,13562,11814,12274,13778,NA,11749,13880,13184,11749,13494,13189,13210,13380,9825,12731,13581,16491,11894,11844,12311,,,,,,,,,,,,,,,,,,,,,,,,,,,,,,,,,,,,,,,,,
CW0242,15014,12757,14181,12365,12323,13748,12376,13696,13394,12949,13754,13458,14419,12727,13408,14370,14917,13353,13758,13793,14416,13505,1076,14575,13424,1100,13629,12540,14023,13945,14042,13678,15057,12573,13347,13804,13844,13721,13972,13968,1067,14883,12541,12534,13844,14423,14491,13570,13801,13894,13552,13720,1113,1189,10557,1025,9019,14681,13613,10769,14161,13793,978,12683,13804,11749,NA,13430,14637,1099,13955,13557,14439,12500,13142,12951,12889,16439,12657,1176,12969,,,,,,,,,,,,,,,,,,,,,,,,,,,,,,,,,,,,,,,,,
CW0263,16651,14492,15816,14097,14105,16105,14105,16047,1430,14547,15659,880,15812,14359,1488,15580,14876,1613,16019,15771,15606,14907,13538,16178,1567,13574,15307,13816,15281,15214,15264,16083,16304,13811,15476,16042,16133,15410,15748,15645,13505,16447,10839,10869,16254,15849,15834,15396,15381,15502,15070,15573,13515,13551,12654,13451,15250,15906,15328,13887,15680,15643,13423,15423,16121,13880,13430,NA,16440,13473,16157,15300,15677,14778,15449,14939,15295,13141,13916,13541,14776,,,,,,,,,,,,,,,,,,,,,,,,,,,,,,,,,,,,,,,,,
CW0266,10912,13753,14032,13537,13528,14613,13477,14537,16321,14212,13902,16389,15663,13493,16406,15649,15564,16270,14604,13607,15675,12504,14646,15612,16377,14847,14617,13947,15182,15084,15183,14551,14503,13994,14083,14374,14470,13434,13384,13297,14719,15278,14619,14629,14024,15458,15572,14085,15183,15320,13980,14213,14729,14668,13778,14722,14949,16055,14317,14151,15633,14130,14679,13894,14670,13184,14637,16440,NA,14628,13399,14536,15782,14374,13465,13701,14606,17549,13991,14779,14204,,,,,,,,,,,,,,,,,,,,,,,,,,,,,,,,,,,,,,,,,
CW0271,15123,12710,14296,12376,12343,13821,12363,13752,13443,13001,13832,13498,14298,12807,13491,14313,15000,13429,13783,13826,14311,13390,1269,14480,13424,1233,13698,12651,13980,13892,14002,13760,15134,12668,13256,13823,13898,13640,13959,13953,1271,14937,12496,12465,13805,14350,14383,13514,13747,13870,13522,13673,1311,1407,10524,1193,8972,14545,13641,10766,14119,13724,1251,12621,13878,11749,1099,13473,14628,NA,13845,13648,14288,12494,13175,12904,12822,16445,12714,1354,12963,,,,,,,,,,,,,,,,,,,,,,,,,,,,,,,,,,,,,,,,,
CW0361,14060,12326,12230,13519,13460,13237,13491,13227,16177,13626,12985,16175,14908,13066,16125,15115,15791,16074,13183,11197,15215,12025,13864,14644,16237,14090,12531,14081,14637,14518,14692,13209,14471,14002,13731,13129,13180,10900,10150,10112,13944,14823,14570,14606,12334,15347,15370,12662,14054,14135,13260,12652,13999,13934,12779,13966,12673,15696,10679,14204,14326,12487,13948,13159,13270,13494,13955,16157,13399,13845,NA,12559,15261,13086,14187,13285,13008,16958,14099,14055,12941,,,,,,,,,,,,,,,,,,,,,,,,,,,,,,,,,,,,,,,,,
CW0371,14848,12170,12783,12425,12347,10342,12381,10401,15270,10132,11060,15239,14139,12846,15262,14147,14808,15158,10430,12315,14101,13475,13508,14373,15315,13743,1581,10746,13529,13462,13517,10404,14742,10661,13376,10400,10401,12124,12616,12613,13578,14657,14216,14218,10455,14147,14224,11617,13866,14032,13993,11714,13627,13546,12161,13674,13139,14457,6023,11895,14269,11579,13612,12646,10384,13189,13557,15300,14536,13648,12559,NA,14088,11646,13976,13422,11441,16200,10807,13746,10142,,,,,,,,,,,,,,,,,,,,,,,,,,,,,,,,,,,,,,,,,
CW0385,16418,13690,15553,13522,13442,4979,13466,14925,15696,12834,14749,15599,2769,13693,15711,3411,16280,15601,14898,15266,2912,14321,14455,3246,15728,14592,14195,13184,3648,3549,3625,14880,15923,13245,14929,14766,14859,14017,14738,14764,14444,15982,15069,15061,15181,2970,3046,13868,9879,9949,14612,14051,14536,14454,13530,14444,14241,2286,13932,14060,10046,14666,14433,12685,14961,13210,14439,15677,15782,14288,15261,14088,NA,14383,14674,13683,13939,13646,13235,14505,12643,,,,,,,,,,,,,,,,,,,,,,,,,,,,,,,,,,,,,,,,,
CW0386,14708,10149,13974,13099,13015,10689,13091,10688,14730,11275,11270,14760,14435,12327,14726,14225,14900,14722,10718,13361,14280,11930,12507,14010,14791,12569,11679,11016,13880,13758,13855,10648,14421,10852,13078,10808,10927,11361,13603,13614,12551,14627,13309,13302,12864,14455,14532,9026,14470,14590,13992,9173,12568,12549,12142,12561,12205,14675,11691,10875,14861,10761,12550,12335,10821,13380,12500,14778,14374,12494,13086,11646,14383,NA,13094,12706,8831,16548,11048,12604,10728,,,,,,,,,,,,,,,,,,,,,,,,,,,,,,,,,,,,,,,,,
CW0395,14280,12735,14002,11981,11886,13998,11924,13906,15416,13221,13936,15413,14395,11892,15384,14464,15079,15370,13995,13727,14595,10460,13188,14723,15459,13337,13987,12796,14161,14013,14163,14003,14053,12763,13012,13818,13913,13549,13707,13679,13134,14456,13631,13659,14449,14703,14664,13574,13745,13889,13198,13606,13250,13145,12692,13202,13442,14863,13853,13240,14150,13499,13195,12652,14060,9825,13142,15449,13465,13175,14187,13976,14674,13094,NA,12769,13767,17172,12900,13358,13243,,,,,,,,,,,,,,,,,,,,,,,,,,,,,,,,,,,,,,,,,
CW0458,14578,12645,13767,11756,11658,13809,11688,13773,14908,12259,13064,14966,13527,12342,14900,13672,14282,14829,13768,13560,13578,12800,12940,13841,14943,13119,13424,12280,13225,13121,13237,13744,13667,12245,12740,13573,13684,12707,13049,13047,13019,14349,12823,12867,13431,13747,13687,12839,13869,13981,12966,12887,13076,12948,12484,12955,13227,13866,13306,12980,14185,13395,12959,12400,13869,12731,12951,14939,13701,12904,13285,13422,13683,12706,12769,NA,13136,15924,12329,13011,12810,,,,,,,,,,,,,,,,,,,,,,,,,,,,,,,,,,,,,,,,,
CW0464,14878,11242,14065,12690,12674,10886,12678,10882,15203,11338,11781,15273,13908,13151,15256,13990,14788,15154,10914,13650,13866,12982,12914,14132,15288,13046,11466,12386,13640,13481,13529,10889,14422,12333,13341,11035,11053,12135,13765,13746,12959,14548,13587,13587,12558,14034,14075,8855,14503,14689,13622,9047,12905,12901,13115,12932,9162,14133,11476,12441,14688,10410,12885,10624,10915,13581,12889,15295,14606,12822,13008,11441,13939,8831,13767,13136,NA,16565,12366,13055,10753,,,,,,,,,,,,,,,,,,,,,,,,,,,,,,,,,,,,,,,,,
CW0478,17810,16417,16653,16565,16468,16683,16478,16668,13134,16294,16851,13124,13581,16322,13091,14046,16296,13082,16655,16668,13970,16929,16437,13767,13175,16627,16187,16588,14022,13984,14050,16682,18142,16523,16830,16632,16773,16735,16533,16459,16381,17864,16865,16863,16871,13513,13277,16040,14303,14308,16360,16147,16525,16455,16407,16507,16739,13529,16516,16809,14493,16490,16417,16889,16736,16491,16439,13141,17549,16445,16958,16200,13646,16548,17172,15924,16565,NA,16653,16549,15969,,,,,,,,,,,,,,,,,,,,,,,,,,,,,,,,,,,,,,,,,
CW0502,14347,11261,13871,11604,11553,12887,11615,12925,13760,9797,12192,13851,13224,10525,13893,13106,14869,13800,12843,13697,13124,12265,12690,13489,13843,12856,10841,1281,12775,12632,12752,12828,14143,1267,12886,12657,12741,12492,13436,13366,12651,14500,12455,12396,13635,13254,13386,11882,12451,12520,13570,12053,12790,12708,10522,12663,13820,13441,11546,7383,12733,13368,12768,11595,12954,11894,12657,13916,13991,12714,14099,10807,13235,11048,12900,12329,12366,16653,NA,12724,11158,,,,,,,,,,,,,,,,,,,,,,,,,,,,,,,,,,,,,,,,,
CW0509,15120,12962,14352,12398,12329,13950,12433,13799,13507,13042,13980,13517,14520,12776,13542,14461,15063,13584,13875,14042,14405,13549,1321,14617,13494,1227,13771,12669,14113,14022,14137,13816,15082,12666,13475,13918,13981,13775,14060,14070,1297,15077,12737,12753,13964,14551,14604,13642,13951,14081,13620,13799,1339,1388,10661,1277,9071,14787,13704,10805,14356,13927,1224,12766,13932,11844,1176,13541,14779,1354,14055,13746,14505,12604,13358,13011,13055,16549,12724,NA,13091,,,,,,,,,,,,,,,,,,,,,,,,,,,,,,,,,,,,,,,,,
CW0561,14880,11895,14118,12101,12085,11672,12088,11604,14921,10144,11930,14775,12647,11718,14907,12431,14732,14859,11695,13555,12568,12608,12982,12804,14960,13105,10139,11134,12058,11938,11953,11547,14522,11085,13187,11650,11689,11110,12886,12894,13023,14420,13782,13760,12382,12518,12621,5952,12772,12912,13336,6051,12989,12980,12548,13053,12537,12857,9418,11717,13266,11209,13064,11931,11768,12311,12969,14776,14204,12963,12941,10142,12643,10728,13243,12810,10753,15969,11158,13091,NA,,,,,,,,,,,,,,,,,,,,,,,,,,,,,,,,,,,,,,,,,
